test_id,label
1,stat.ME
2,cs
3,cs
4,math.AT
5,cond-mat.stat-mech
6,math.CO
7,math.FA
8,cs
9,math.AG
10,cs
11,physics.plasm-ph
12,stat.ML
13,cs
14,astro-ph.HE
15,cs
16,physics.optics
17,cond-mat.mes-hall
18,cs
19,nlin.CD
20,math.AT
21,cs
22,astro-ph.CO
23,math.DG
24,cs
25,cs
26,cs
27,physics.flu-dyn
28,cs
29,cs
30,math.CA
31,cs
32,cs
33,astro-ph.HE
34,cs
35,cond-mat.mes-hall
36,cs
37,cs
38,cs
39,math.AC
40,math.RT
41,astro-ph.HE
42,cond-mat.supr-con
43,cs
44,cs
45,cs
46,math.AG
47,math.GT
48,physics.chem-ph
49,cs
50,physics.chem-ph
51,astro-ph.IM
52,q-bio.NC
53,astro-ph.IM
54,math.AP
55,cs
56,math.AG
57,math.CA
58,stat.CO
59,cs
60,math.AP
61,cs
62,math.DS
63,math.AG
64,q-fin.ST
65,cs
66,cs
67,cs
68,cs
69,math.AG
70,cond-mat.stat-mech
71,cond-mat.str-el
72,q-bio.PE
73,math.DG
74,math.AT
75,q-fin.MF
76,cs
77,cs
78,q-bio.BM
79,cs
80,cs
81,math.AG
82,cs
83,cs
84,cs
85,q-fin.MF
86,math.CA
87,cs
88,math.AP
89,math.DS
90,astro-ph.GA
91,math.DG
92,q-fin.TR
93,physics.gen-ph
94,stat.ME
95,math.DG
96,cond-mat.mes-hall
97,math.AP
98,cs
99,math.DG
100,physics.gen-ph
101,cs
102,cs
103,physics.optics
104,cond-mat.stat-mech
105,math.AG
106,math.DS
107,cond-mat.mtrl-sci
108,cs
109,math.DG
110,cs
111,cs
112,q-fin.TR
113,q-fin.ST
114,cond-mat.mes-hall
115,math.CO
116,math.CO
117,math.AG
118,math.DS
119,cs
120,cond-mat.mes-hall
121,cs
122,math.GR
123,cs
124,cs
125,cs
126,q-fin.MF
127,cs
128,cs
129,cond-mat.mes-hall
130,cs
131,stat.TH
132,physics.ins-det
133,q-bio.CB
134,astro-ph.IM
135,q-fin.MF
136,cond-mat.supr-con
137,physics.optics
138,math.AG
139,physics.gen-ph
140,cs
141,math.AG
142,cond-mat.mes-hall
143,cs
144,cs
145,cond-mat.str-el
146,math.RT
147,cs
148,cs
149,physics.ins-det
150,math.CO
151,cs
152,math.AG
153,cs
154,math.DG
155,astro-ph.HE
156,cs
157,math.CA
158,math.AG
159,math.AP
160,q-fin.RM
161,math.AG
162,q-fin.EC
163,astro-ph.HE
164,math.DS
165,stat.CO
166,cs
167,cs
168,q-fin.ST
169,physics.app-ph
170,cs
171,cond-mat.mes-hall
172,math.DG
173,stat.ML
174,physics.ins-det
175,math.NT
176,cond-mat.str-el
177,math.AG
178,cs
179,astro-ph.HE
180,q-fin.EC
181,cs
182,cs
183,cond-mat.mtrl-sci
184,physics.atom-ph
185,cs
186,cs
187,astro-ph.HE
188,cs
189,stat.ML
190,q-bio.PE
191,physics.ins-det
192,cs
193,cs
194,cs
195,cs
196,cs
197,math.CA
198,cs
199,math.DG
200,cs
201,math.AG
202,cs
203,math.AG
204,q-fin.PM
205,math.MP
206,math.LO
207,math.DS
208,cs
209,math.CO
210,cs
211,math.AG
212,cs
213,q-fin.MF
214,math.GR
215,cs
216,math.CO
217,cond-mat.mes-hall
218,math.CA
219,q-bio.NC
220,cs
221,q-bio.NC
222,cs
223,math.CA
224,cs
225,math.DG
226,cs
227,cs
228,astro-ph.CO
229,astro-ph.IM
230,cs
231,physics.flu-dyn
232,math.LO
233,cs
234,math.DS
235,q-fin.MF
236,cond-mat.soft
237,cs
238,astro-ph.HE
239,astro-ph.CO
240,cs
241,cs
242,physics.gen-ph
243,cs
244,cs
245,cs
246,cs
247,cs
248,cond-mat.soft
249,q-bio.CB
250,astro-ph.IM
251,cs
252,math.CA
253,cs
254,astro-ph.HE
255,cs
256,physics.ins-det
257,math.FA
258,cs
259,math.CA
260,cond-mat.mes-hall
261,cs
262,math.DG
263,cs
264,q-bio.PE
265,physics.atom-ph
266,cs
267,cond-mat.stat-mech
268,math.AP
269,math.GR
270,physics.soc-ph
271,cs
272,math.AG
273,cs
274,cs
275,math.DG
276,q-fin.MF
277,q-bio.PE
278,physics.gen-ph
279,cond-mat.mes-hall
280,cs
281,cs
282,q-bio.NC
283,cs
284,math.AG
285,q-bio.PE
286,q-fin.MF
287,math.CA
288,cs
289,cs
290,physics.flu-dyn
291,astro-ph.HE
292,cond-mat.mes-hall
293,cs
294,math.DS
295,cs
296,q-fin.EC
297,cs
298,cs
299,cs
300,astro-ph.HE
301,physics.flu-dyn
302,q-fin.EC
303,cond-mat.mes-hall
304,cs
305,physics.flu-dyn
306,cs
307,math.FA
308,cond-mat.stat-mech
309,cs
310,math.DG
311,cs
312,math.FA
313,cs
314,stat.CO
315,math.AT
316,math.AG
317,math.AG
318,math.NT
319,cs
320,cond-mat.str-el
321,cs
322,cs
323,cs
324,cond-mat.mes-hall
325,q-fin.MF
326,cs
327,cs
328,cs
329,astro-ph.HE
330,math.DG
331,q-fin.CP
332,cs
333,math.CA
334,math.AT
335,cond-mat.stat-mech
336,cs
337,math.AG
338,q-fin.ST
339,q-bio.NC
340,cs
341,math.KT
342,math.FA
343,q-bio.BM
344,q-fin.MF
345,physics.gen-ph
346,math.CO
347,cs
348,math.AG
349,math.AP
350,astro-ph.HE
351,cond-mat.stat-mech
352,stat.ME
353,math.CV
354,cs
355,q-bio.QM
356,physics.optics
357,math.DS
358,cs
359,math.CO
360,cond-mat.str-el
361,cs
362,cs
363,astro-ph.HE
364,cs
365,math.FA
366,cs
367,physics.gen-ph
368,math.DS
369,cs
370,cs
371,math.MP
372,math.DS
373,math.DS
374,math.AG
375,cs
376,cs
377,cs
378,astro-ph.CO
379,q-bio.QM
380,math.CO
381,q-bio.NC
382,q-fin.PR
383,cond-mat.mes-hall
384,cs
385,astro-ph.HE
386,math.AG
387,math.AG
388,cs
389,math.CA
390,q-fin.ST
391,cs
392,physics.flu-dyn
393,cs
394,math.AP
395,cs
396,cond-mat.str-el
397,q-fin.ST
398,q-fin.EC
399,cs
400,math.CA
401,math.CO
402,q-fin.EC
403,cond-mat.stat-mech
404,cs
405,q-bio.CB
406,cs
407,cs
408,math.AG
409,q-bio.BM
410,math.AG
411,cs
412,cs
413,astro-ph.SR
414,cs
415,math.GR
416,cs
417,math.KT
418,cs
419,cs
420,math.DS
421,math.AP
422,math.DG
423,cs
424,stat.ME
425,cs
426,cs
427,math.AP
428,math.CO
429,q-fin.MF
430,q-fin.ST
431,cs
432,cs
433,math.AG
434,q-bio.BM
435,math.MP
436,q-bio.TO
437,cs
438,cs
439,q-bio.QM
440,cs
441,cs
442,stat.ML
443,cs
444,q-bio.BM
445,math.AG
446,math.AG
447,cond-mat.mtrl-sci
448,math.DS
449,math.CA
450,cs
451,astro-ph.GA
452,q-fin.ST
453,math.GR
454,cs
455,math.CO
456,cs
457,cond-mat.mtrl-sci
458,cs
459,math.GT
460,cs
461,math.CO
462,math.DS
463,math.GR
464,math.FA
465,math.CO
466,math.MP
467,math.LO
468,cs
469,stat.CO
470,cs
471,astro-ph.SR
472,cs
473,cond-mat.mtrl-sci
474,cs
475,physics.atom-ph
476,cs
477,cs
478,physics.atom-ph
479,cs
480,math.GT
481,astro-ph.HE
482,math.LO
483,cs
484,math.AT
485,cs
486,cs
487,q-bio.QM
488,physics.ins-det
489,q-fin.EC
490,math.AG
491,cs
492,cs
493,cs
494,math.AG
495,cs
496,physics.optics
497,q-fin.GN
498,stat.TH
499,math.CO
500,q-bio.NC
501,cond-mat.str-el
502,math.FA
503,astro-ph.HE
504,math.AG
505,physics.gen-ph
506,math.AT
507,cs
508,math.DG
509,cond-mat.mes-hall
510,physics.ins-det
511,physics.flu-dyn
512,cond-mat.supr-con
513,physics.med-ph
514,cs
515,cs
516,cs
517,math.AG
518,cs
519,math.AP
520,cs
521,cond-mat.mes-hall
522,cs
523,cs
524,cs
525,physics.chem-ph
526,math.AG
527,math.AP
528,math.AP
529,physics.comp-ph
530,cs
531,q-bio.NC
532,q-fin.CP
533,cond-mat.str-el
534,q-fin.CP
535,math.AG
536,cs
537,cond-mat.quant-gas
538,cs
539,cs
540,physics.comp-ph
541,cs
542,cs
543,cs
544,cs
545,math.DS
546,math.AC
547,cs
548,cs
549,math.CA
550,physics.ins-det
551,q-fin.ST
552,cond-mat.str-el
553,math.DG
554,math.CO
555,math.CO
556,cs
557,cs
558,math.DS
559,cs
560,math.AT
561,astro-ph.IM
562,q-fin.MF
563,cs
564,cs
565,cs
566,q-bio.QM
567,stat.ME
568,cs
569,q-bio.PE
570,q-bio.QM
571,q-bio.CB
572,physics.optics
573,astro-ph.HE
574,math.CO
575,cs
576,math.DG
577,astro-ph.IM
578,math.AG
579,q-bio.TO
580,math.AC
581,q-bio.QM
582,cs
583,cs
584,cs
585,cond-mat.quant-gas
586,math.AP
587,cond-mat.stat-mech
588,cs
589,physics.flu-dyn
590,cs
591,math.CO
592,math.DS
593,cs
594,math.DG
595,cs
596,math.AG
597,cs
598,astro-ph.IM
599,cs
600,math.CT
601,cs
602,cs
603,cs
604,math.AP
605,cs
606,cs
607,math.AG
608,cond-mat.str-el
609,cs
610,math.CO
611,cs
612,math.AG
613,math.DG
614,q-bio.PE
615,cs
616,math.AP
617,math.AG
618,cs
619,cs
620,physics.ins-det
621,cs
622,cs
623,q-bio.NC
624,math.DG
625,cs
626,math.NT
627,cond-mat.str-el
628,math.CO
629,math.AG
630,stat.ML
631,physics.app-ph
632,cond-mat.mtrl-sci
633,math.AG
634,cs
635,physics.soc-ph
636,cs
637,q-fin.MF
638,physics.flu-dyn
639,cs
640,cs
641,q-fin.EC
642,math.CA
643,cs
644,math.AT
645,cs
646,q-bio.MN
647,astro-ph.IM
648,math.AP
649,cs
650,cs
651,astro-ph.SR
652,cond-mat.mes-hall
653,stat.ME
654,stat.ML
655,cs
656,q-fin.MF
657,math.DS
658,math.AG
659,math.CA
660,cs
661,cs
662,cs
663,astro-ph.HE
664,math.AG
665,math.CO
666,cs
667,math.AP
668,astro-ph.HE
669,physics.flu-dyn
670,math.DG
671,astro-ph.GA
672,cs
673,cs
674,q-fin.EC
675,cs
676,cs
677,cs
678,math.LO
679,cond-mat.str-el
680,math.CA
681,cs
682,cs
683,cs
684,cond-mat.mes-hall
685,math.CO
686,cs
687,cs
688,cs
689,cs
690,cs
691,q-fin.MF
692,cs
693,cs
694,math.AP
695,math.GT
696,math.GT
697,cs
698,math.CO
699,cs
700,math.DS
701,cs
702,cs
703,cs
704,math.CT
705,cs
706,cs
707,cs
708,q-fin.ST
709,q-bio.BM
710,astro-ph.HE
711,math.CO
712,cs
713,cond-mat.mes-hall
714,q-bio.NC
715,cond-mat.str-el
716,q-fin.MF
717,math.MP
718,math.GR
719,cs
720,math.GT
721,physics.gen-ph
722,math.CO
723,math.AP
724,q-fin.ST
725,cs
726,cs
727,q-bio.QM
728,cs
729,math.NT
730,cs
731,physics.flu-dyn
732,cs
733,cond-mat.mes-hall
734,astro-ph.HE
735,cs
736,cs
737,math.CA
738,cs
739,astro-ph.HE
740,q-fin.MF
741,cs
742,q-bio.PE
743,math.CO
744,math.AG
745,math.RT
746,math.CT
747,cs
748,stat.ME
749,math.CO
750,math.CO
751,math.DG
752,cs
753,q-fin.PM
754,cs
755,math.CT
756,cond-mat.mes-hall
757,astro-ph.IM
758,math.DS
759,astro-ph.HE
760,stat.ME
761,math.AG
762,math.AP
763,cs
764,q-fin.EC
765,physics.flu-dyn
766,cs
767,cs
768,math.AG
769,cond-mat.mes-hall
770,cs
771,cs
772,astro-ph.HE
773,cond-mat.soft
774,math.CO
775,cs
776,cs
777,math.CA
778,cond-mat.soft
779,math.DG
780,math.AG
781,math.GR
782,cs
783,cs
784,cs
785,q-bio.QM
786,cs
787,q-bio.PE
788,math.NT
789,cs
790,cs
791,math.AT
792,cs
793,cs
794,math.DS
795,math.AT
796,math.CO
797,stat.ME
798,cs
799,cs
800,math.AP
801,cs
802,physics.comp-ph
803,q-bio.BM
804,q-bio.NC
805,physics.optics
806,math.NT
807,cs
808,cs
809,math.AG
810,q-fin.RM
811,math.AG
812,astro-ph.HE
813,math.CO
814,math.AG
815,astro-ph.HE
816,cs
817,q-fin.CP
818,astro-ph.CO
819,cond-mat.quant-gas
820,math.AP
821,physics.ins-det
822,cs
823,cs
824,q-bio.QM
825,cs
826,cs
827,math.DS
828,cs
829,cond-mat.soft
830,q-bio.NC
831,cs
832,cs
833,cs
834,astro-ph.HE
835,cs
836,math.FA
837,cs
838,q-bio.PE
839,math.AP
840,cs
841,math.AT
842,q-bio.TO
843,cs
844,cs
845,cs
846,math.DG
847,physics.flu-dyn
848,cs
849,math.CO
850,math.CA
851,math.AP
852,cs
853,q-fin.PM
854,math.DG
855,cs
856,q-fin.MF
857,physics.ins-det
858,math.GT
859,math.CT
860,cs
861,cs
862,cs
863,math.CO
864,cs
865,astro-ph.CO
866,cs
867,cs
868,physics.data-an
869,cs
870,cs
871,math.AP
872,cs
873,cs
874,cs
875,q-fin.MF
876,cs
877,math.DS
878,cs
879,cs
880,cs
881,cs
882,math.AG
883,cond-mat.mtrl-sci
884,math.AG
885,math.AG
886,cond-mat.mes-hall
887,math.CA
888,q-bio.NC
889,cs
890,cs
891,cs
892,math.AG
893,physics.ins-det
894,stat.CO
895,cond-mat.str-el
896,math.CA
897,cs
898,cs
899,cs
900,cs
901,cs
902,astro-ph.SR
903,astro-ph.HE
904,q-fin.RM
905,math.DS
906,math.DG
907,math.AC
908,physics.soc-ph
909,cs
910,cond-mat.str-el
911,math.AT
912,physics.ins-det
913,cs
914,cs
915,stat.TH
916,math.AG
917,math.MP
918,math.AG
919,math.CO
920,cond-mat.str-el
921,cs
922,stat.AP
923,math.AP
924,math.DS
925,astro-ph.HE
926,math.AG
927,math.LO
928,math.CO
929,astro-ph.HE
930,cs
931,cs
932,cond-mat.mes-hall
933,cs
934,q-bio.PE
935,math.KT
936,cs
937,cs
938,physics.comp-ph
939,cs
940,cs
941,math.AG
942,math.AP
943,cs
944,cs
945,math.NT
946,q-bio.BM
947,cs
948,math.AP
949,cs
950,math.AG
951,q-bio.NC
952,cs
953,q-bio.BM
954,cond-mat.stat-mech
955,cs
956,astro-ph.HE
957,q-bio.QM
958,q-bio.PE
959,math.MP
960,cs
961,cs
962,cs
963,cs
964,math.GT
965,math.AG
966,cs
967,cs
968,q-fin.TR
969,math.CO
970,astro-ph.IM
971,cond-mat.mes-hall
972,cs
973,cs
974,physics.gen-ph
975,cs
976,cs
977,cond-mat.soft
978,cs
979,cs
980,cs
981,astro-ph.GA
982,math.AG
983,cond-mat.mes-hall
984,stat.TH
985,math.AP
986,math.CO
987,cs
988,cs
989,cs
990,math.MP
991,math.DS
992,math.AT
993,cs
994,math.AG
995,q-bio.NC
996,cs
997,cond-mat.mes-hall
998,math.AG
999,astro-ph.HE
1000,math.AG
1001,q-fin.ST
1002,q-fin.ST
1003,math.AG
1004,math.CO
1005,cs
1006,cond-mat.soft
1007,math.CO
1008,math.CO
1009,q-fin.EC
1010,cs
1011,cond-mat.str-el
1012,math.FA
1013,cs
1014,cond-mat.stat-mech
1015,astro-ph.HE
1016,cs
1017,cs
1018,astro-ph.HE
1019,cs
1020,cond-mat.mes-hall
1021,q-bio.BM
1022,math.DS
1023,cs
1024,q-bio.QM
1025,math.CO
1026,cs
1027,math.CO
1028,cs
1029,cond-mat.supr-con
1030,math.CO
1031,cs
1032,math.AG
1033,cs
1034,cond-mat.supr-con
1035,cs
1036,stat.ME
1037,cs
1038,cs
1039,q-fin.ST
1040,math.DG
1041,cs
1042,cs
1043,astro-ph.HE
1044,cs
1045,cs
1046,math.CA
1047,physics.chem-ph
1048,physics.gen-ph
1049,cs
1050,cond-mat.mes-hall
1051,math.CO
1052,q-fin.MF
1053,math.AG
1054,q-fin.MF
1055,q-fin.RM
1056,cs
1057,cs
1058,cs
1059,math.LO
1060,math.AP
1061,cs
1062,cs
1063,cond-mat.mes-hall
1064,cs
1065,math.AG
1066,cs
1067,cond-mat.mes-hall
1068,cs
1069,cs
1070,math.CO
1071,q-bio.PE
1072,physics.plasm-ph
1073,cs
1074,cond-mat.stat-mech
1075,cs
1076,cs
1077,stat.CO
1078,cs
1079,astro-ph.HE
1080,math.CO
1081,math.CO
1082,q-bio.NC
1083,astro-ph.HE
1084,math.AG
1085,math.AG
1086,cs
1087,cs
1088,cs
1089,physics.flu-dyn
1090,cs
1091,cond-mat.mes-hall
1092,physics.comp-ph
1093,astro-ph.HE
1094,math.CA
1095,cs
1096,math.AT
1097,cs
1098,astro-ph.HE
1099,astro-ph.IM
1100,cs
1101,cs
1102,cond-mat.supr-con
1103,astro-ph.IM
1104,cs
1105,cs
1106,cs
1107,cs
1108,math.MP
1109,cond-mat.mes-hall
1110,q-bio.NC
1111,q-fin.RM
1112,math.DS
1113,astro-ph.EP
1114,math.AG
1115,cs
1116,physics.ins-det
1117,math.AG
1118,math.AG
1119,math.AP
1120,astro-ph.HE
1121,math.CO
1122,astro-ph.HE
1123,physics.optics
1124,math.NT
1125,q-fin.ST
1126,math.NT
1127,math.AG
1128,astro-ph.HE
1129,math.NT
1130,q-bio.QM
1131,math.AG
1132,math.AP
1133,math.DG
1134,cs
1135,cs
1136,cs
1137,math.CA
1138,cs
1139,cs
1140,cs
1141,cs
1142,cs
1143,math.AP
1144,stat.ML
1145,q-bio.PE
1146,cond-mat.mes-hall
1147,cs
1148,cs
1149,cs
1150,q-fin.TR
1151,cs
1152,cs
1153,q-fin.PM
1154,math.GT
1155,math.AP
1156,math.AG
1157,cs
1158,q-fin.ST
1159,math.DG
1160,cs
1161,math.GR
1162,cs
1163,cs
1164,cs
1165,math.DS
1166,math.AT
1167,cond-mat.mtrl-sci
1168,q-bio.PE
1169,cs
1170,math.CO
1171,math.DS
1172,astro-ph.IM
1173,cs
1174,nlin.SI
1175,cs
1176,math.FA
1177,math.AP
1178,math.AG
1179,cs
1180,cs
1181,physics.gen-ph
1182,cs
1183,cond-mat.str-el
1184,math.FA
1185,math.CO
1186,cs
1187,math.NT
1188,cs
1189,cs
1190,physics.ins-det
1191,math.DS
1192,astro-ph.HE
1193,stat.ML
1194,math.CO
1195,cs
1196,q-fin.MF
1197,q-fin.EC
1198,cs
1199,math.CO
1200,math.AP
1201,math.CO
1202,astro-ph.HE
1203,astro-ph.HE
1204,cs
1205,math.AP
1206,q-fin.TR
1207,astro-ph.IM
1208,math.DS
1209,q-fin.TR
1210,cs
1211,astro-ph.IM
1212,physics.bio-ph
1213,cs
1214,q-fin.ST
1215,cs
1216,q-bio.QM
1217,math.DG
1218,stat.ML
1219,cs
1220,cs
1221,cs
1222,cond-mat.quant-gas
1223,cs
1224,math.AP
1225,cs
1226,math.RT
1227,cs
1228,cs
1229,astro-ph.IM
1230,astro-ph.GA
1231,q-fin.EC
1232,math.CT
1233,cs
1234,math.AT
1235,cs
1236,cs
1237,cs
1238,q-fin.EC
1239,cs
1240,q-fin.CP
1241,math.AG
1242,physics.gen-ph
1243,cs
1244,cond-mat.mtrl-sci
1245,cond-mat.mes-hall
1246,cs
1247,cs
1248,cs
1249,q-bio.PE
1250,math.CO
1251,math.AG
1252,physics.ins-det
1253,cs
1254,stat.AP
1255,cs
1256,math.GR
1257,cond-mat.mes-hall
1258,cs
1259,stat.TH
1260,cs
1261,cs
1262,math.FA
1263,math.DS
1264,cond-mat.mes-hall
1265,cs
1266,cs
1267,cs
1268,q-bio.QM
1269,cs
1270,cs
1271,q-bio.MN
1272,cs
1273,q-fin.ST
1274,cond-mat.str-el
1275,cond-mat.str-el
1276,physics.atom-ph
1277,q-fin.GN
1278,cs
1279,math.GR
1280,cs
1281,cond-mat.stat-mech
1282,cs
1283,cs
1284,cs
1285,math.DG
1286,cond-mat.mes-hall
1287,cs
1288,math.AP
1289,cond-mat.mes-hall
1290,math.NT
1291,cs
1292,q-fin.RM
1293,cs
1294,math.DS
1295,math.DG
1296,cs
1297,cs
1298,cs
1299,cs
1300,astro-ph.GA
1301,physics.flu-dyn
1302,cs
1303,cond-mat.stat-mech
1304,stat.ME
1305,math.CA
1306,math.AP
1307,math.FA
1308,cs
1309,math.DG
1310,math.GR
1311,math.AG
1312,math.AG
1313,cs
1314,cs
1315,math.AP
1316,cs
1317,cs
1318,math.OC
1319,q-fin.EC
1320,math.GT
1321,cs
1322,astro-ph.HE
1323,math.CO
1324,astro-ph.CO
1325,cond-mat.soft
1326,cs
1327,cs
1328,cs
1329,physics.ins-det
1330,cs
1331,cs
1332,cs
1333,cs
1334,cs
1335,astro-ph.IM
1336,math.DG
1337,math.DG
1338,astro-ph.HE
1339,math.CO
1340,cs
1341,cs
1342,cs
1343,cs
1344,cs
1345,stat.AP
1346,cond-mat.mtrl-sci
1347,stat.ME
1348,cs
1349,q-fin.CP
1350,cs
1351,cs
1352,q-fin.EC
1353,math.NT
1354,physics.comp-ph
1355,physics.optics
1356,math.DS
1357,q-bio.PE
1358,cs
1359,math.AG
1360,cs
1361,physics.ins-det
1362,math.CA
1363,q-bio.PE
1364,cs
1365,cond-mat.stat-mech
1366,physics.flu-dyn
1367,q-fin.MF
1368,q-bio.NC
1369,q-fin.ST
1370,math.AG
1371,cs
1372,math.CO
1373,cs
1374,math.MP
1375,astro-ph.CO
1376,q-fin.EC
1377,cs
1378,q-bio.TO
1379,physics.optics
1380,astro-ph.IM
1381,math.DG
1382,math.AC
1383,q-fin.PM
1384,math.CO
1385,cs
1386,math.CV
1387,cs
1388,cs
1389,astro-ph.CO
1390,math.DS
1391,math.DG
1392,q-fin.ST
1393,astro-ph.HE
1394,q-fin.PM
1395,cs
1396,math.CO
1397,cs
1398,cs
1399,cs
1400,cs
1401,physics.gen-ph
1402,physics.ins-det
1403,math.RT
1404,cs
1405,cs
1406,cs
1407,stat.CO
1408,math.AC
1409,cs
1410,cs
1411,cs
1412,math.AG
1413,cs
1414,math.AG
1415,stat.ML
1416,cond-mat.stat-mech
1417,math.AP
1418,cs
1419,math.CO
1420,cs
1421,cs
1422,math.CA
1423,q-bio.PE
1424,cond-mat.mtrl-sci
1425,math.GT
1426,cs
1427,cs
1428,math.CO
1429,math.CO
1430,physics.atom-ph
1431,math.AT
1432,cs
1433,q-fin.EC
1434,math.DG
1435,cond-mat.supr-con
1436,cond-mat.str-el
1437,cond-mat.mes-hall
1438,cs
1439,math.DG
1440,math.AG
1441,math.AG
1442,cs
1443,physics.ins-det
1444,cs
1445,cs
1446,cs
1447,cs
1448,cs
1449,cs
1450,math.AP
1451,q-bio.QM
1452,math.DG
1453,astro-ph.IM
1454,cs
1455,cs
1456,math.AG
1457,cs
1458,cs
1459,q-fin.ST
1460,cond-mat.mes-hall
1461,cond-mat.mtrl-sci
1462,q-bio.CB
1463,cs
1464,math.AG
1465,physics.ins-det
1466,cond-mat.mes-hall
1467,physics.gen-ph
1468,math.AT
1469,cs
1470,cs
1471,cs
1472,math.CO
1473,math.AG
1474,astro-ph.HE
1475,astro-ph.HE
1476,cs
1477,math.AG
1478,cs
1479,cs
1480,astro-ph.CO
1481,stat.ME
1482,cs
1483,cs
1484,cs
1485,math.AP
1486,cond-mat.mes-hall
1487,cs
1488,math.CA
1489,cs
1490,cs
1491,cs
1492,math.DG
1493,math.LO
1494,math.CO
1495,math.AG
1496,q-bio.NC
1497,cs
1498,math.NT
1499,cs
1500,cs
1501,physics.ins-det
1502,astro-ph.IM
1503,cs
1504,astro-ph.IM
1505,math.AP
1506,cs
1507,math.AP
1508,cond-mat.soft
1509,math.OA
1510,cs
1511,cs
1512,math.FA
1513,astro-ph.IM
1514,cs
1515,math.DS
1516,cs
1517,cs
1518,q-bio.SC
1519,q-fin.EC
1520,math.NT
1521,q-fin.MF
1522,q-fin.TR
1523,cs
1524,physics.gen-ph
1525,cs
1526,nlin.PS
1527,physics.ins-det
1528,cond-mat.supr-con
1529,math.AG
1530,math.AP
1531,physics.optics
1532,cs
1533,q-fin.ST
1534,math.CT
1535,math.CT
1536,cs
1537,math.CO
1538,q-fin.EC
1539,math.GR
1540,math.CA
1541,cs
1542,cs
1543,cs
1544,cs
1545,cs
1546,cs
1547,math.DG
1548,cs
1549,cond-mat.supr-con
1550,q-fin.ST
1551,cs
1552,cs
1553,cs
1554,q-fin.RM
1555,cs
1556,cs
1557,q-fin.EC
1558,q-bio.PE
1559,math.DG
1560,cs
1561,cs
1562,cond-mat.soft
1563,math.AG
1564,cs
1565,math.FA
1566,math.AG
1567,cond-mat.mes-hall
1568,physics.ins-det
1569,cs
1570,q-bio.SC
1571,math.AP
1572,physics.ins-det
1573,math.AT
1574,math.DS
1575,cs
1576,math.AP
1577,math.AG
1578,astro-ph.IM
1579,astro-ph.HE
1580,cs
1581,physics.chem-ph
1582,cs
1583,math.DS
1584,q-bio.QM
1585,math.CA
1586,math.DS
1587,q-bio.QM
1588,cs
1589,cs
1590,math.AG
1591,astro-ph.GA
1592,cs
1593,math.AG
1594,cs
1595,q-bio.QM
1596,math.CO
1597,q-fin.EC
1598,math.AC
1599,q-bio.NC
1600,math.CA
1601,physics.flu-dyn
1602,cs
1603,q-fin.ST
1604,cs
1605,cs
1606,math.CA
1607,cs
1608,cond-mat.soft
1609,cs
1610,cs
1611,cs
1612,math.DS
1613,cond-mat.supr-con
1614,cond-mat.mtrl-sci
1615,cs
1616,cs
1617,cond-mat.str-el
1618,math.RT
1619,math.CO
1620,math.RT
1621,cs
1622,astro-ph.IM
1623,math.CO
1624,cs
1625,cs
1626,cs
1627,cs
1628,astro-ph.HE
1629,math.LO
1630,cond-mat.str-el
1631,math.GR
1632,cs
1633,math.AT
1634,cond-mat.str-el
1635,math.AC
1636,q-fin.MF
1637,math.AG
1638,cs
1639,q-bio.NC
1640,math.AP
1641,math.CO
1642,stat.TH
1643,astro-ph.IM
1644,cond-mat.stat-mech
1645,math.AG
1646,cs
1647,physics.gen-ph
1648,physics.chem-ph
1649,math.GT
1650,math.RT
1651,math.NT
1652,cs
1653,math.LO
1654,math.AG
1655,cs
1656,cs
1657,math.CO
1658,q-fin.TR
1659,math.AG
1660,math.CO
1661,cs
1662,math.DG
1663,cond-mat.quant-gas
1664,cs
1665,physics.optics
1666,cond-mat.stat-mech
1667,cs
1668,math.GR
1669,q-bio.BM
1670,stat.ME
1671,math.AP
1672,math.CA
1673,cs
1674,math.AG
1675,math.CO
1676,math.AG
1677,math.NT
1678,q-fin.TR
1679,math.DG
1680,math.CO
1681,cs
1682,math.AG
1683,cs
1684,q-fin.EC
1685,math.MP
1686,astro-ph.IM
1687,math.AP
1688,math.DS
1689,cs
1690,math.AG
1691,cs
1692,math.AP
1693,q-fin.MF
1694,cs
1695,cs
1696,cs
1697,astro-ph.HE
1698,astro-ph.HE
1699,cs
1700,cs
1701,physics.geo-ph
1702,cs
1703,cs
1704,math.CO
1705,cs
1706,cond-mat.str-el
1707,cs
1708,math.DG
1709,math.CO
1710,cond-mat.str-el
1711,cs
1712,astro-ph.HE
1713,math.GT
1714,cs
1715,q-fin.ST
1716,cs
1717,physics.soc-ph
1718,cs
1719,physics.ins-det
1720,cs
1721,cs
1722,physics.optics
1723,math.AP
1724,math.AP
1725,math.AP
1726,math.AT
1727,cs
1728,math.RT
1729,astro-ph.HE
1730,cs
1731,cs
1732,math.AG
1733,stat.ME
1734,cs
1735,physics.gen-ph
1736,q-bio.MN
1737,cs
1738,math.AG
1739,cs
1740,cs
1741,math.AG
1742,math.CA
1743,q-fin.GN
1744,cs
1745,cond-mat.mtrl-sci
1746,math.CO
1747,cs
1748,cond-mat.mes-hall
1749,math.AG
1750,q-fin.EC
1751,cond-mat.quant-gas
1752,cond-mat.stat-mech
1753,astro-ph.IM
1754,math.AG
1755,physics.comp-ph
1756,cs
1757,cs
1758,cs
1759,cond-mat.mes-hall
1760,math.DS
1761,cs
1762,astro-ph.HE
1763,cs
1764,cs
1765,cs
1766,math.FA
1767,math.DS
1768,math.DG
1769,cs
1770,cs
1771,math.CA
1772,cs
1773,math.AG
1774,math.DG
1775,math.AG
1776,cs
1777,astro-ph.IM
1778,math.DG
1779,cs
1780,math.DG
1781,cs
1782,math.GR
1783,cs
1784,q-fin.RM
1785,cs
1786,q-fin.ST
1787,cs
1788,math.AG
1789,math.DG
1790,cs
1791,math.AG
1792,math.AG
1793,cs
1794,math.DS
1795,cs
1796,cs
1797,cs
1798,math.CO
1799,cond-mat.mes-hall
1800,stat.TH
1801,astro-ph.HE
1802,cs
1803,math.AC
1804,math.AG
1805,math.CO
1806,math.CO
1807,cs
1808,cs
1809,cond-mat.mes-hall
1810,cs
1811,math.AP
1812,physics.ins-det
1813,math.AP
1814,math.FA
1815,cs
1816,math.AG
1817,math.AG
1818,physics.chem-ph
1819,math.CT
1820,math.AP
1821,math.CT
1822,math.CT
1823,cs
1824,math.CA
1825,math.DS
1826,math.AG
1827,cs
1828,math.CT
1829,q-bio.PE
1830,cs
1831,math.GT
1832,math.DS
1833,cs
1834,cond-mat.str-el
1835,math.CO
1836,stat.ME
1837,math.AG
1838,physics.flu-dyn
1839,cond-mat.soft
1840,math.DS
1841,math.AP
1842,math.AG
1843,cs
1844,cond-mat.mes-hall
1845,math.AP
1846,cs
1847,astro-ph.HE
1848,math.AG
1849,cs
1850,cs
1851,cs
1852,math.AG
1853,math.DG
1854,math.DG
1855,cs
1856,astro-ph.HE
1857,cs
1858,cs
1859,cs
1860,cs
1861,cs
1862,cond-mat.mtrl-sci
1863,cs
1864,cond-mat.mes-hall
1865,cs
1866,cs
1867,math.CA
1868,math.AG
1869,math.MP
1870,cond-mat.mes-hall
1871,cs
1872,cs
1873,cs
1874,math.AG
1875,math.AP
1876,astro-ph.HE
1877,astro-ph.HE
1878,cs
1879,math.AC
1880,cs
1881,cs
1882,q-bio.QM
1883,math.AG
1884,math.AG
1885,cs
1886,math.RT
1887,math.CA
1888,nlin.SI
1889,q-bio.PE
1890,astro-ph.IM
1891,cond-mat.mes-hall
1892,cs
1893,cs
1894,math.CT
1895,q-bio.TO
1896,cond-mat.soft
1897,math.AP
1898,math.CO
1899,q-bio.NC
1900,cs
1901,cond-mat.stat-mech
1902,cs
1903,physics.geo-ph
1904,math.AP
1905,q-fin.MF
1906,math.AP
1907,cs
1908,math.AP
1909,cs
1910,cs
1911,stat.CO
1912,cs
1913,math.DG
1914,q-fin.EC
1915,q-bio.PE
1916,physics.ins-det
1917,cs
1918,cond-mat.mes-hall
1919,math.AG
1920,math.CA
1921,physics.ins-det
1922,cond-mat.mtrl-sci
1923,cs
1924,math.AG
1925,cs
1926,math.AG
1927,astro-ph.HE
1928,physics.atom-ph
1929,math.CA
1930,cs
1931,math.AT
1932,astro-ph.IM
1933,cond-mat.str-el
1934,q-bio.PE
1935,astro-ph.HE
1936,cs
1937,physics.ins-det
1938,cs
1939,math.AP
1940,cs
1941,cs
1942,math.CV
1943,cs
1944,math.AP
1945,physics.ins-det
1946,physics.ins-det
1947,cs
1948,cs
1949,math.GR
1950,q-bio.NC
1951,math.AG
1952,astro-ph.SR
1953,astro-ph.IM
1954,astro-ph.CO
1955,math.DS
1956,q-bio.QM
1957,math.CO
1958,cs
1959,stat.ML
1960,q-bio.QM
1961,math.AP
1962,cond-mat.mes-hall
1963,physics.optics
1964,cs
1965,cs
1966,cs
1967,math.AP
1968,cs
1969,cond-mat.stat-mech
1970,cs
1971,math.NT
1972,astro-ph.IM
1973,q-bio.GN
1974,cs
1975,cs
1976,cs
1977,math.AP
1978,cs
1979,cs
1980,q-bio.BM
1981,math.CT
1982,cs
1983,math.CO
1984,astro-ph.IM
1985,cs
1986,cond-mat.stat-mech
1987,math.FA
1988,q-bio.GN
1989,math.DS
1990,cond-mat.mes-hall
1991,q-bio.MN
1992,cs
1993,cond-mat.mes-hall
1994,cs
1995,math.AP
1996,math.NT
1997,astro-ph.HE
1998,cs
1999,q-bio.NC
2000,math.AG
2001,astro-ph.IM
2002,cond-mat.str-el
2003,physics.optics
2004,cs
2005,cs
2006,cs
2007,cs
2008,cs
2009,math.AP
2010,math.GR
2011,q-fin.RM
2012,physics.gen-ph
2013,cs
2014,math.AP
2015,q-bio.QM
2016,q-fin.MF
2017,cs
2018,cond-mat.str-el
2019,cs
2020,stat.ME
2021,cs
2022,cs
2023,cs
2024,physics.flu-dyn
2025,physics.flu-dyn
2026,cs
2027,math.AG
2028,cs
2029,math.AP
2030,math.AP
2031,math.CT
2032,physics.comp-ph
2033,physics.optics
2034,math.AC
2035,math.DG
2036,cs
2037,cs
2038,q-bio.BM
2039,cs
2040,cs
2041,q-bio.NC
2042,q-bio.PE
2043,cs
2044,cond-mat.stat-mech
2045,math.DS
2046,cs
2047,math.AG
2048,math.AP
2049,cs
2050,q-fin.EC
2051,cs
2052,cs
2053,cond-mat.soft
2054,cs
2055,math.MP
2056,cs
2057,cs
2058,cs
2059,cs
2060,cs
2061,math.DS
2062,cs
2063,math.FA
2064,cs
2065,q-bio.NC
2066,cs
2067,physics.comp-ph
2068,cs
2069,math.AG
2070,math.AP
2071,math.CO
2072,cond-mat.mes-hall
2073,cond-mat.str-el
2074,q-fin.MF
2075,cond-mat.mes-hall
2076,cs
2077,math.DS
2078,cs
2079,math.AG
2080,astro-ph.HE
2081,physics.ins-det
2082,math.AG
2083,cs
2084,cs
2085,astro-ph.HE
2086,cs
2087,cs
2088,cs
2089,cs
2090,cs
2091,astro-ph.HE
2092,math.AC
2093,math.FA
2094,math.DG
2095,cs
2096,math.AG
2097,q-bio.NC
2098,cs
2099,q-bio.BM
2100,cs
2101,cs
2102,q-bio.NC
2103,cs
2104,astro-ph.IM
2105,math.DS
2106,math.DG
2107,astro-ph.IM
2108,cs
2109,cs
2110,cs
2111,cs
2112,math.RT
2113,math.DG
2114,cs
2115,math.CO
2116,math.AG
2117,cs
2118,cs
2119,q-fin.ST
2120,q-fin.CP
2121,math.AP
2122,math.AG
2123,cs
2124,cs
2125,math.CO
2126,stat.TH
2127,cs
2128,cs
2129,math.AC
2130,cs
2131,cs
2132,q-fin.ST
2133,stat.ML
2134,cs
2135,q-bio.NC
2136,cs
2137,math.AG
2138,cs
2139,physics.ins-det
2140,cs
2141,math.FA
2142,cs
2143,astro-ph.HE
2144,math.CO
2145,math.AG
2146,cs
2147,cs
2148,astro-ph.HE
2149,math.GR
2150,cs
2151,cs
2152,cs
2153,cs
2154,math.DS
2155,astro-ph.HE
2156,q-bio.CB
2157,stat.ME
2158,math.FA
2159,cs
2160,stat.ME
2161,q-fin.RM
2162,cs
2163,physics.optics
2164,astro-ph.CO
2165,math.DG
2166,cs
2167,stat.TH
2168,math.AG
2169,cs
2170,stat.ME
2171,math.AP
2172,math.AG
2173,q-bio.PE
2174,cs
2175,cs
2176,stat.TH
2177,cs
2178,cs
2179,astro-ph.SR
2180,cs
2181,cs
2182,cs
2183,q-fin.GN
2184,astro-ph.HE
2185,cs
2186,cs
2187,math.AP
2188,math.AP
2189,q-bio.BM
2190,stat.AP
2191,cs
2192,cs
2193,cs
2194,cs
2195,math.AG
2196,cs
2197,math.AC
2198,math.CO
2199,math.AG
2200,cs
2201,cs
2202,astro-ph.CO
2203,cs
2204,q-fin.MF
2205,math.LO
2206,cond-mat.mtrl-sci
2207,cs
2208,cs
2209,physics.atom-ph
2210,cs
2211,math.AG
2212,math.DS
2213,cs
2214,math.DG
2215,cs
2216,cs
2217,physics.ins-det
2218,cs
2219,math.AG
2220,cs
2221,cs
2222,cs
2223,q-bio.QM
2224,cond-mat.mes-hall
2225,math.DS
2226,math.CO
2227,cs
2228,cs
2229,cs
2230,cs
2231,math.CO
2232,astro-ph.HE
2233,q-bio.QM
2234,math.CO
2235,cond-mat.stat-mech
2236,math.AG
2237,q-fin.MF
2238,q-fin.CP
2239,q-bio.PE
2240,cs
2241,cs
2242,math.CO
2243,math.FA
2244,math.AP
2245,astro-ph.HE
2246,cs
2247,cs
2248,cs
2249,q-bio.QM
2250,math.NT
2251,cs
2252,math.CO
2253,math.CO
2254,astro-ph.HE
2255,q-bio.PE
2256,astro-ph.IM
2257,math.FA
2258,cs
2259,math.DG
2260,physics.gen-ph
2261,math.AG
2262,cond-mat.stat-mech
2263,math.CV
2264,q-bio.PE
2265,math.AG
2266,cond-mat.stat-mech
2267,math.DS
2268,math.CO
2269,cs
2270,math.AG
2271,q-fin.MF
2272,astro-ph.HE
2273,q-fin.MF
2274,q-fin.MF
2275,stat.TH
2276,math.AT
2277,cs
2278,cs
2279,physics.ins-det
2280,math.AG
2281,math.DG
2282,cond-mat.stat-mech
2283,astro-ph.HE
2284,math.AP
2285,cs
2286,cond-mat.mtrl-sci
2287,stat.AP
2288,astro-ph.HE
2289,q-fin.RM
2290,cs
2291,stat.ME
2292,physics.flu-dyn
2293,physics.ins-det
2294,cond-mat.str-el
2295,physics.ins-det
2296,cs
2297,math.AP
2298,math.AP
2299,math.AP
2300,cond-mat.quant-gas
2301,math.CO
2302,cs
2303,cs
2304,cs
2305,math.AG
2306,math.CO
2307,cs
2308,q-bio.QM
2309,cs
2310,math.NT
2311,astro-ph.HE
2312,cs
2313,q-bio.NC
2314,math.AP
2315,astro-ph.HE
2316,math.GT
2317,astro-ph.IM
2318,math.CO
2319,math.AC
2320,cs
2321,math.DS
2322,stat.TH
2323,cs
2324,cs
2325,physics.optics
2326,cs
2327,stat.ME
2328,cond-mat.str-el
2329,astro-ph.IM
2330,cs
2331,cs
2332,math.CO
2333,math.CT
2334,cs
2335,stat.TH
2336,q-bio.PE
2337,cs
2338,physics.ins-det
2339,math.NT
2340,cs
2341,math.AG
2342,math.AP
2343,cond-mat.mtrl-sci
2344,cs
2345,physics.class-ph
2346,cond-mat.mtrl-sci
2347,q-bio.PE
2348,cs
2349,math.MP
2350,cond-mat.stat-mech
2351,cs
2352,q-fin.ST
2353,cs
2354,q-fin.ST
2355,cs
2356,q-bio.PE
2357,cond-mat.str-el
2358,physics.optics
2359,astro-ph.CO
2360,astro-ph.HE
2361,cond-mat.soft
2362,cs
2363,math.DG
2364,cond-mat.mtrl-sci
2365,math.CA
2366,cond-mat.str-el
2367,math.AC
2368,cs
2369,cs
2370,math.CA
2371,q-fin.EC
2372,physics.ins-det
2373,astro-ph.IM
2374,math.CO
2375,astro-ph.HE
2376,math.AG
2377,math.GR
2378,q-fin.MF
2379,cs
2380,math.DS
2381,math.AP
2382,math.DS
2383,math.AG
2384,cs
2385,math.AG
2386,physics.ins-det
2387,math.AG
2388,math.AG
2389,math.AG
2390,astro-ph.HE
2391,q-fin.MF
2392,math.CA
2393,cond-mat.quant-gas
2394,cs
2395,cs
2396,cond-mat.mes-hall
2397,cs
2398,cs
2399,math.AG
2400,cs
2401,cs
2402,cs
2403,cs
2404,q-bio.QM
2405,math.DS
2406,cs
2407,cond-mat.str-el
2408,cs
2409,physics.ins-det
2410,math.DS
2411,physics.gen-ph
2412,cs
2413,cs
2414,q-bio.NC
2415,cs
2416,cs
2417,astro-ph.HE
2418,q-bio.NC
2419,math.AP
2420,cs
2421,math.CA
2422,cs
2423,physics.plasm-ph
2424,cs
2425,math.AT
2426,cs
2427,q-bio.NC
2428,math.DS
2429,cs
2430,cs
2431,cs
2432,math.AG
2433,cond-mat.soft
2434,cs
2435,astro-ph.HE
2436,cs
2437,q-fin.MF
2438,math.DS
2439,physics.class-ph
2440,math.DS
2441,stat.ME
2442,physics.gen-ph
2443,physics.optics
2444,math.CA
2445,math.CT
2446,cs
2447,math.AT
2448,cs
2449,q-bio.QM
2450,cs
2451,cs
2452,cs
2453,physics.comp-ph
2454,cs
2455,cs
2456,physics.ins-det
2457,cs
2458,cs
2459,cs
2460,astro-ph.HE
2461,math.AP
2462,cond-mat.stat-mech
2463,cond-mat.mes-hall
2464,math.CT
2465,cs
2466,q-fin.MF
2467,math.AG
2468,physics.flu-dyn
2469,cs
2470,math.GT
2471,q-fin.ST
2472,cs
2473,astro-ph.HE
2474,q-bio.NC
2475,math.AT
2476,math.GN
2477,astro-ph.CO
2478,physics.optics
2479,math.NT
2480,math.DS
2481,cs
2482,cs
2483,cond-mat.soft
2484,math.CO
2485,cs
2486,cond-mat.str-el
2487,q-fin.GN
2488,math.NT
2489,math.CO
2490,cs
2491,physics.optics
2492,cs
2493,math.CO
2494,cond-mat.str-el
2495,cs
2496,math.AG
2497,cond-mat.supr-con
2498,cs
2499,cond-mat.str-el
2500,math.AP
2501,cs
2502,cs
2503,stat.ME
2504,astro-ph.IM
2505,astro-ph.HE
2506,cs
2507,math.NT
2508,cs
2509,cs
2510,cs
2511,cond-mat.mes-hall
2512,math.AG
2513,math.AT
2514,q-fin.RM
2515,math.GT
2516,math.CO
2517,physics.gen-ph
2518,cs
2519,q-fin.EC
2520,cs
2521,cs
2522,q-bio.QM
2523,cs
2524,math.AG
2525,math.MP
2526,cs
2527,cond-mat.mes-hall
2528,astro-ph.CO
2529,cs
2530,cs
2531,math.MP
2532,math.CO
2533,math.AG
2534,cs
2535,math.DG
2536,q-bio.QM
2537,cs
2538,q-fin.EC
2539,math.NT
2540,cs
2541,cs
2542,cs
2543,math.AP
2544,stat.CO
2545,cs
2546,cs
2547,math.DG
2548,physics.atom-ph
2549,cs
2550,cs
2551,q-fin.PM
2552,q-bio.QM
2553,math.AG
2554,cs
2555,math.AP
2556,cs
2557,cs
2558,cs
2559,math.AP
2560,cs
2561,math.CO
2562,cs
2563,q-bio.MN
2564,math.RT
2565,math.DG
2566,cs
2567,cs
2568,cs
2569,cs
2570,math.AG
2571,math.CO
2572,q-bio.QM
2573,cs
2574,cs
2575,cs
2576,math.MP
2577,astro-ph.IM
2578,math.GR
2579,cs
2580,cs
2581,math.AG
2582,math.GT
2583,astro-ph.IM
2584,cs
2585,cond-mat.mes-hall
2586,math.CO
2587,math.CO
2588,cond-mat.mtrl-sci
2589,q-fin.EC
2590,cs
2591,cs
2592,math.DS
2593,math.AG
2594,cs
2595,cs
2596,math.AG
2597,q-bio.NC
2598,q-bio.TO
2599,cs
2600,cs
2601,physics.gen-ph
2602,cs
2603,math.CA
2604,cs
2605,cs
2606,physics.optics
2607,cs
2608,cs
2609,cond-mat.soft
2610,math.AG
2611,cs
2612,q-fin.MF
2613,cs
2614,math.AG
2615,math.DS
2616,q-fin.EC
2617,cs
2618,math.AG
2619,cs
2620,math.AC
2621,cs
2622,cs
2623,math.DG
2624,cond-mat.mtrl-sci
2625,math.NT
2626,cs
2627,cond-mat.mes-hall
2628,cs
2629,cs
2630,cs
2631,astro-ph.IM
2632,nlin.SI
2633,cs
2634,math.LO
2635,math.AP
2636,cs
2637,math.CA
2638,cs
2639,math.AC
2640,cs
2641,math.DS
2642,q-fin.EC
2643,cs
2644,cs
2645,math.AG
2646,q-bio.PE
2647,cs
2648,cond-mat.soft
2649,q-bio.PE
2650,cs
2651,math.CO
2652,math.AG
2653,math.DG
2654,math.DS
2655,cs
2656,q-bio.NC
2657,cs
2658,math.RT
2659,physics.ins-det
2660,cs
2661,cs
2662,math.AG
2663,cs
2664,math.DS
2665,cs
2666,q-fin.EC
2667,cs
2668,cs
2669,q-fin.EC
2670,cs
2671,astro-ph.HE
2672,physics.optics
2673,cs
2674,math.CO
2675,cs
2676,cs
2677,math.CO
2678,q-fin.EC
2679,stat.ME
2680,math.AP
2681,cs
2682,math.NT
2683,math.CT
2684,math.MP
2685,math.DG
2686,math.CO
2687,astro-ph.SR
2688,astro-ph.IM
2689,physics.atom-ph
2690,math.AG
2691,q-bio.PE
2692,physics.ins-det
2693,cs
2694,cs
2695,cs
2696,q-fin.MF
2697,astro-ph.HE
2698,cs
2699,cs
2700,math.CO
2701,q-bio.MN
2702,cs
2703,q-bio.CB
2704,cs
2705,q-fin.EC
2706,q-fin.ST
2707,cs
2708,astro-ph.IM
2709,math.PR
2710,q-fin.CP
2711,cs
2712,math.AP
2713,astro-ph.HE
2714,cs
2715,cs
2716,cs
2717,cond-mat.supr-con
2718,q-bio.PE
2719,q-bio.MN
2720,physics.flu-dyn
2721,math.AG
2722,astro-ph.HE
2723,math.AT
2724,q-fin.MF
2725,astro-ph.IM
2726,cs
2727,cs
2728,cs
2729,cs
2730,math.AP
2731,cs
2732,cs
2733,cs
2734,cs
2735,math.CO
2736,cs
2737,q-bio.TO
2738,cond-mat.mtrl-sci
2739,q-bio.PE
2740,cs
2741,cond-mat.stat-mech
2742,math.AG
2743,q-fin.ST
2744,stat.CO
2745,cs
2746,math.AP
2747,cs
2748,cs
2749,cs
2750,cs
2751,astro-ph.HE
2752,cs
2753,q-bio.BM
2754,math.DG
2755,math.AG
2756,cs
2757,q-bio.PE
2758,math.CV
2759,cs
2760,cs
2761,cs
2762,q-bio.NC
2763,cs
2764,q-bio.CB
2765,cond-mat.mes-hall
2766,physics.optics
2767,cs
2768,physics.flu-dyn
2769,cs
2770,cs
2771,cs
2772,physics.ins-det
2773,cs
2774,q-fin.RM
2775,cs
2776,math.CO
2777,cs
2778,cs
2779,cond-mat.supr-con
2780,stat.ME
2781,cs
2782,physics.gen-ph
2783,math.SG
2784,cs
2785,q-bio.NC
2786,math.DG
2787,cond-mat.mes-hall
2788,cs
2789,cs
2790,astro-ph.SR
2791,q-fin.RM
2792,cs
2793,cs
2794,math.CA
2795,q-fin.ST
2796,cs
2797,cs
2798,cs
2799,math.CO
2800,cs
2801,math.AP
2802,cs
2803,cond-mat.mes-hall
2804,cs
2805,cs
2806,cs
2807,physics.ins-det
2808,cs
2809,cs
2810,cs
2811,math.RT
2812,math.FA
2813,astro-ph.IM
2814,cs
2815,math.AP
2816,cs
2817,astro-ph.CO
2818,astro-ph.HE
2819,math.CO
2820,cs
2821,cs
2822,cs
2823,math.AG
2824,cs
2825,math.AP
2826,cs
2827,cs
2828,math.CO
2829,physics.flu-dyn
2830,physics.ins-det
2831,physics.ins-det
2832,math.NT
2833,cs
2834,cs
2835,cs
2836,cond-mat.soft
2837,cs
2838,math.PR
2839,math.DG
2840,astro-ph.HE
2841,physics.ins-det
2842,math.OC
2843,math.DS
2844,cs
2845,cs
2846,cs
2847,cs
2848,cs
2849,math.GT
2850,stat.TH
2851,physics.soc-ph
2852,physics.optics
2853,cs
2854,math.AP
2855,q-fin.RM
2856,astro-ph.IM
2857,math.DG
2858,q-fin.GN
2859,cs
2860,physics.app-ph
2861,cs
2862,astro-ph.HE
2863,math.CO
2864,cs
2865,math.CA
2866,cs
2867,astro-ph.HE
2868,cs
2869,math.DS
2870,physics.gen-ph
2871,cs
2872,q-bio.NC
2873,cond-mat.str-el
2874,cs
2875,math.AG
2876,cs
2877,cs
2878,q-bio.QM
2879,cond-mat.mes-hall
2880,math.AG
2881,cs
2882,astro-ph.CO
2883,cs
2884,cs
2885,math.AP
2886,math.AG
2887,cs
2888,cs
2889,cs
2890,q-bio.NC
2891,math.AC
2892,cs
2893,q-bio.BM
2894,q-fin.ST
2895,q-bio.QM
2896,q-bio.PE
2897,math.AP
2898,math.AP
2899,cs
2900,math.DS
2901,stat.ME
2902,cs
2903,physics.gen-ph
2904,math.AP
2905,q-fin.MF
2906,physics.flu-dyn
2907,math.AG
2908,q-bio.MN
2909,cs
2910,astro-ph.HE
2911,cs
2912,math.AG
2913,math.AG
2914,math.CO
2915,cs
2916,math.AG
2917,q-bio.QM
2918,cond-mat.mtrl-sci
2919,math.AP
2920,q-bio.PE
2921,cs
2922,cs
2923,math.FA
2924,q-fin.MF
2925,stat.TH
2926,cs
2927,q-bio.NC
2928,physics.ins-det
2929,q-fin.MF
2930,math.CA
2931,cs
2932,cs
2933,cs
2934,astro-ph.SR
2935,cs
2936,cs
2937,math.CO
2938,physics.med-ph
2939,cs
2940,cond-mat.soft
2941,cs
2942,physics.flu-dyn
2943,cs
2944,cond-mat.stat-mech
2945,q-bio.PE
2946,q-fin.MF
2947,cs
2948,math.MP
2949,q-fin.MF
2950,cs
2951,stat.AP
2952,cs
2953,q-fin.ST
2954,physics.optics
2955,q-bio.QM
2956,math.DG
2957,cs
2958,cs
2959,astro-ph.HE
2960,cs
2961,cond-mat.stat-mech
2962,cs
2963,cs
2964,cs
2965,q-bio.PE
2966,cs
2967,astro-ph.HE
2968,cs
2969,q-bio.BM
2970,cs
2971,math.AG
2972,cond-mat.mes-hall
2973,math.DG
2974,cond-mat.mtrl-sci
2975,q-fin.RM
2976,cs
2977,astro-ph.HE
2978,cs
2979,math.RT
2980,math.CO
2981,cs
2982,cs
2983,cs
2984,math.NT
2985,cs
2986,astro-ph.HE
2987,cs
2988,cs
2989,math.CO
2990,cond-mat.mes-hall
2991,q-fin.ST
2992,cs
2993,cs
2994,math.NT
2995,math.AP
2996,math.AG
2997,cond-mat.str-el
2998,cs
2999,q-bio.BM
3000,q-fin.PM
3001,math.AP
3002,astro-ph.GA
3003,q-fin.MF
3004,cond-mat.supr-con
3005,physics.gen-ph
3006,q-bio.PE
3007,physics.ins-det
3008,cs
3009,cs
3010,cond-mat.stat-mech
3011,q-fin.ST
3012,cs
3013,math.AG
3014,cs
3015,cs
3016,math.AG
3017,physics.optics
3018,cs
3019,cs
3020,cs
3021,cs
3022,cs
3023,physics.ins-det
3024,q-bio.CB
3025,cs
3026,cs
3027,physics.flu-dyn
3028,q-bio.QM
3029,cs
3030,cs
3031,physics.gen-ph
3032,q-fin.EC
3033,cs
3034,math.DG
3035,cond-mat.str-el
3036,astro-ph.HE
3037,cs
3038,cs
3039,stat.ML
3040,cs
3041,cs
3042,q-bio.QM
3043,cs
3044,cs
3045,math.AG
3046,cs
3047,cs
3048,physics.optics
3049,q-fin.MF
3050,cs
3051,cs
3052,cs
3053,math.DS
3054,math.DS
3055,stat.ML
3056,cs
3057,q-fin.EC
3058,q-bio.PE
3059,cs
3060,physics.med-ph
3061,cs
3062,cs
3063,cs
3064,cs
3065,cs
3066,q-fin.RM
3067,math.DG
3068,q-bio.CB
3069,math.DG
3070,q-bio.CB
3071,q-fin.MF
3072,q-fin.MF
3073,cs
3074,cs
3075,cs
3076,cs
3077,cs
3078,math.AG
3079,cs
3080,math.FA
3081,math.AC
3082,cs
3083,math.CA
3084,cs
3085,cond-mat.mes-hall
3086,cs
3087,cond-mat.stat-mech
3088,math.AP
3089,cs
3090,math.AG
3091,cs
3092,astro-ph.EP
3093,cs
3094,cs
3095,cs
3096,math.AG
3097,cs
3098,math.MG
3099,cs
3100,math.OA
3101,cs
3102,cs
3103,astro-ph.HE
3104,cs
3105,q-bio.QM
3106,cs
3107,cond-mat.stat-mech
3108,astro-ph.HE
3109,cond-mat.quant-gas
3110,math.AP
3111,q-bio.CB
3112,q-bio.QM
3113,q-fin.CP
3114,cond-mat.stat-mech
3115,q-bio.SC
3116,cs
3117,cs
3118,cond-mat.quant-gas
3119,cs
3120,cond-mat.str-el
3121,cs
3122,math.NT
3123,cs
3124,cs
3125,math.AG
3126,math.LO
3127,math.CO
3128,cs
3129,math.CA
3130,cs
3131,physics.flu-dyn
3132,astro-ph.HE
3133,q-fin.ST
3134,cs
3135,physics.flu-dyn
3136,q-bio.BM
3137,cs
3138,cs
3139,cs
3140,cs
3141,q-fin.ST
3142,stat.ME
3143,math.AG
3144,cs
3145,cs
3146,q-fin.ST
3147,math.AP
3148,cond-mat.quant-gas
3149,cs
3150,math.CO
3151,cs
3152,cs
3153,math.CO
3154,math.AG
3155,physics.gen-ph
3156,astro-ph.SR
3157,q-fin.MF
3158,math.DG
3159,cs
3160,cs
3161,q-fin.ST
3162,math.CA
3163,math.GT
3164,math.AG
3165,cs
3166,cs
3167,math.CO
3168,q-fin.EC
3169,q-bio.QM
3170,cs
3171,stat.ME
3172,cs
3173,math.NT
3174,cs
3175,cs
3176,cs
3177,math.AG
3178,astro-ph.SR
3179,cs
3180,q-fin.MF
3181,cond-mat.mtrl-sci
3182,cs
3183,math.CO
3184,physics.flu-dyn
3185,cs
3186,q-bio.PE
3187,cond-mat.mes-hall
3188,cs
3189,cs
3190,math.AG
3191,cs
3192,cs
3193,math.CA
3194,cs
3195,math.AT
3196,q-bio.NC
3197,math.DG
3198,cs
3199,physics.optics
3200,cs
3201,astro-ph.HE
3202,cs
3203,physics.bio-ph
3204,cs
3205,cs
3206,q-fin.EC
3207,cs
3208,cond-mat.soft
3209,stat.CO
3210,cond-mat.quant-gas
3211,physics.ins-det
3212,cs
3213,cs
3214,cs
3215,cs
3216,math.CO
3217,cs
3218,cs
3219,cs
3220,cs
3221,cs
3222,math.CO
3223,cs
3224,cs
3225,cs
3226,cs
3227,cs
3228,physics.ins-det
3229,cond-mat.mes-hall
3230,cs
3231,astro-ph.IM
3232,math.AT
3233,math.AG
3234,stat.AP
3235,cs
3236,astro-ph.CO
3237,cs
3238,cs
3239,cs
3240,math.CO
3241,cs
3242,math.AG
3243,cs
3244,stat.ME
3245,math.CO
3246,q-fin.ST
3247,cond-mat.mtrl-sci
3248,math.AG
3249,math.AG
3250,cs
3251,cs
3252,cs
3253,cs
3254,cs
3255,cs
3256,math.AG
3257,q-fin.ST
3258,cs
3259,astro-ph.IM
3260,cs
3261,cs
3262,q-bio.PE
3263,q-fin.MF
3264,cs
3265,physics.flu-dyn
3266,cond-mat.str-el
3267,math.AG
3268,cs
3269,cond-mat.stat-mech
3270,cs
3271,q-bio.PE
3272,astro-ph.HE
3273,cs
3274,math.AG
3275,q-bio.NC
3276,stat.TH
3277,cs
3278,cs
3279,math.CO
3280,cs
3281,math.CO
3282,q-bio.NC
3283,cs
3284,cs
3285,math.AG
3286,cs
3287,math.AP
3288,cs
3289,cs
3290,q-bio.PE
3291,cs
3292,cs
3293,math.GR
3294,math.AG
3295,cs
3296,cs
3297,cs
3298,cond-mat.stat-mech
3299,q-bio.BM
3300,cs
3301,cond-mat.supr-con
3302,cond-mat.mes-hall
3303,math.AG
3304,math.AP
3305,math.AG
3306,cond-mat.mes-hall
3307,cs
3308,cs
3309,math.DS
3310,astro-ph.HE
3311,math.AP
3312,math.RT
3313,math.CA
3314,math.CO
3315,cs
3316,math.CO
3317,cs
3318,cs
3319,q-bio.PE
3320,math.CO
3321,cs
3322,cs
3323,math.AP
3324,physics.optics
3325,cs
3326,cs
3327,cs
3328,cs
3329,cs
3330,math.DS
3331,math.AG
3332,cs
3333,math.AG
3334,cond-mat.mtrl-sci
3335,q-bio.QM
3336,astro-ph.SR
3337,q-bio.CB
3338,cs
3339,cs
3340,astro-ph.HE
3341,math.AP
3342,cs
3343,cs
3344,math.AP
3345,cs
3346,cs
3347,cs
3348,math.CO
3349,cs
3350,cs
3351,cs
3352,cs
3353,math.AG
3354,astro-ph.HE
3355,cs
3356,math.AP
3357,math.AP
3358,physics.optics
3359,physics.comp-ph
3360,cs
3361,math.CA
3362,astro-ph.GA
3363,cs
3364,math.DS
3365,cs
3366,q-bio.NC
3367,math.AP
3368,cond-mat.mes-hall
3369,cs
3370,cs
3371,cs
3372,math.CO
3373,math.AC
3374,cs
3375,stat.ME
3376,astro-ph.IM
3377,cs
3378,cs
3379,cs
3380,cond-mat.supr-con
3381,math.CO
3382,physics.optics
3383,cs
3384,math.AG
3385,cs
3386,q-bio.NC
3387,cs
3388,cs
3389,cs
3390,cs
3391,cs
3392,math.DG
3393,cs
3394,cs
3395,astro-ph.HE
3396,math.FA
3397,stat.ME
3398,cs
3399,q-fin.EC
3400,physics.flu-dyn
3401,math.AG
3402,astro-ph.HE
3403,q-bio.CB
3404,cs
3405,cs
3406,cs
3407,math.AG
3408,physics.comp-ph
3409,physics.plasm-ph
3410,physics.flu-dyn
3411,cs
3412,cs
3413,cond-mat.mes-hall
3414,math.AG
3415,physics.flu-dyn
3416,cs
3417,cs
3418,cs
3419,math.AT
3420,cs
3421,math.CO
3422,cs
3423,q-fin.ST
3424,stat.CO
3425,cs
3426,math.AG
3427,math.AP
3428,cond-mat.str-el
3429,astro-ph.IM
3430,q-fin.MF
3431,cs
3432,cs
3433,cs
3434,math.CO
3435,cs
3436,q-fin.ST
3437,q-bio.NC
3438,math.AP
3439,math.LO
3440,math.GT
3441,cs
3442,math.DS
3443,cs
3444,cs
3445,cs
3446,cs
3447,q-fin.ST
3448,q-fin.GN
3449,math.RT
3450,math.AT
3451,cs
3452,cs
3453,cs
3454,physics.chem-ph
3455,math.AT
3456,cs
3457,cs
3458,q-fin.MF
3459,math.CO
3460,cs
3461,q-bio.MN
3462,math.CO
3463,cs
3464,cs
3465,math.AG
3466,stat.TH
3467,cs
3468,astro-ph.HE
3469,cond-mat.mes-hall
3470,cs
3471,astro-ph.HE
3472,math.CO
3473,cs
3474,q-bio.NC
3475,cs
3476,cs
3477,cs
3478,q-fin.EC
3479,cond-mat.str-el
3480,math.AG
3481,math.OA
3482,cs
3483,cs
3484,cond-mat.mes-hall
3485,cs
3486,q-fin.EC
3487,math.FA
3488,q-fin.ST
3489,cs
3490,cs
3491,cs
3492,cs
3493,math.AG
3494,cs
3495,cs
3496,q-bio.PE
3497,math.CO
3498,cs
3499,math.AG
3500,cs
3501,cs
3502,cs
3503,physics.atom-ph
3504,math.CO
3505,cs
3506,cs
3507,math.AG
3508,math.CO
3509,cond-mat.str-el
3510,cs
3511,stat.ML
3512,cs
3513,math.AP
3514,cs
3515,cond-mat.mes-hall
3516,cs
3517,cs
3518,math.CO
3519,physics.atom-ph
3520,astro-ph.HE
3521,cs
3522,cs
3523,cs
3524,cs
3525,q-fin.PR
3526,math.AP
3527,math.DG
3528,cs
3529,cs
3530,cs
3531,stat.CO
3532,math.AP
3533,math.CO
3534,cs
3535,cs
3536,math.AG
3537,physics.ins-det
3538,math.AP
3539,cs
3540,cs
3541,cond-mat.mtrl-sci
3542,astro-ph.CO
3543,math.CT
3544,cond-mat.mes-hall
3545,cond-mat.str-el
3546,math.AP
3547,astro-ph.HE
3548,math.CO
3549,physics.ins-det
3550,astro-ph.CO
3551,cs
3552,physics.acc-ph
3553,cs
3554,cs
3555,stat.ME
3556,math.CO
3557,astro-ph.CO
3558,physics.atom-ph
3559,cs
3560,cs
3561,cs
3562,astro-ph.SR
3563,q-fin.MF
3564,cond-mat.mes-hall
3565,cs
3566,cs
3567,math.CO
3568,physics.comp-ph
3569,cond-mat.str-el
3570,astro-ph.IM
3571,cs
3572,cs
3573,cs
3574,physics.ins-det
3575,cs
3576,cs
3577,physics.flu-dyn
3578,physics.flu-dyn
3579,cond-mat.str-el
3580,cond-mat.stat-mech
3581,cs
3582,cs
3583,astro-ph.IM
3584,cs
3585,math.CO
3586,physics.optics
3587,q-bio.BM
3588,math.AG
3589,cs
3590,cs
3591,q-bio.QM
3592,cs
3593,cs
3594,math.AG
3595,cs
3596,cond-mat.mtrl-sci
3597,cs
3598,math.CO
3599,physics.med-ph
3600,math.GT
3601,math.AG
3602,cs
3603,math.CO
3604,astro-ph.HE
3605,cs
3606,cs
3607,cs
3608,cs
3609,cs
3610,physics.comp-ph
3611,math.CA
3612,cond-mat.mtrl-sci
3613,math.AP
3614,math.DG
3615,cond-mat.quant-gas
3616,cond-mat.str-el
3617,cs
3618,cs
3619,cond-mat.str-el
3620,stat.TH
3621,math.GT
3622,math.AP
3623,math.AG
3624,astro-ph.IM
3625,math.DG
3626,cond-mat.mes-hall
3627,math.CA
3628,cs
3629,q-bio.SC
3630,cs
3631,math.AG
3632,cs
3633,cs
3634,cs
3635,q-bio.PE
3636,math.AG
3637,stat.ME
3638,cs
3639,cs
3640,physics.plasm-ph
3641,physics.plasm-ph
3642,stat.ME
3643,q-fin.ST
3644,q-fin.CP
3645,cs
3646,math.DS
3647,cs
3648,math.DG
3649,math.MP
3650,math.CO
3651,q-bio.NC
3652,cs
3653,math.AG
3654,q-bio.MN
3655,cs
3656,stat.AP
3657,q-bio.NC
3658,cond-mat.str-el
3659,cs
3660,math.CO
3661,math.AP
3662,math.DS
3663,cs
3664,astro-ph.HE
3665,q-bio.QM
3666,astro-ph.HE
3667,cs
3668,cond-mat.mes-hall
3669,math.DG
3670,math.AG
3671,cs
3672,cs
3673,cond-mat.mes-hall
3674,math.FA
3675,cs
3676,cs
3677,cond-mat.mes-hall
3678,cs
3679,cond-mat.supr-con
3680,cs
3681,cond-mat.str-el
3682,math.AP
3683,math.CA
3684,math.AP
3685,cs
3686,cond-mat.mes-hall
3687,cs
3688,cs
3689,math.GT
3690,cs
3691,cs
3692,math.CO
3693,math.CO
3694,math.DS
3695,math.AG
3696,math.FA
3697,math.AP
3698,math.AG
3699,astro-ph.CO
3700,math.AG
3701,cs
3702,cs
3703,cs
3704,cs
3705,physics.data-an
3706,cond-mat.other
3707,physics.ins-det
3708,math.CA
3709,astro-ph.CO
3710,physics.atom-ph
3711,cs
3712,q-bio.MN
3713,cs
3714,cond-mat.quant-gas
3715,physics.ed-ph
3716,math.DS
3717,cs
3718,cs
3719,cs
3720,math.AG
3721,math.CO
3722,math.PR
3723,math.AG
3724,q-fin.MF
3725,math.DS
3726,math.CO
3727,math.CO
3728,q-fin.ST
3729,cs
3730,cond-mat.mes-hall
3731,cond-mat.str-el
3732,q-bio.QM
3733,cs
3734,cs
3735,cs
3736,cs
3737,cond-mat.mes-hall
3738,cond-mat.stat-mech
3739,math.GT
3740,q-bio.QM
3741,math.DS
3742,q-fin.TR
3743,cs
3744,q-bio.PE
3745,cs
3746,cs
3747,cs
3748,math.CO
3749,math.AT
3750,cond-mat.mes-hall
3751,physics.optics
3752,cs
3753,math.AG
3754,astro-ph.HE
3755,cond-mat.mes-hall
3756,math.LO
3757,cs
3758,math.AP
3759,cs
3760,math.CA
3761,cs
3762,cs
3763,cs
3764,q-fin.MF
3765,astro-ph.HE
3766,math.CO
3767,cs
3768,math.AG
3769,cs
3770,math.CO
3771,math.CT
3772,cs
3773,math.CO
3774,cs
3775,cs
3776,astro-ph.IM
3777,math.AC
3778,math.DG
3779,cs
3780,stat.AP
3781,cs
3782,math.AG
3783,math.CO
3784,cs
3785,q-bio.QM
3786,cs
3787,physics.optics
3788,q-fin.EC
3789,cs
3790,math.LO
3791,math.GT
3792,cs
3793,cs
3794,physics.ins-det
3795,math.CA
3796,math.DS
3797,cs
3798,cs
3799,cs
3800,cond-mat.stat-mech
3801,cs
3802,astro-ph.HE
3803,math.FA
3804,cs
3805,astro-ph.HE
3806,cs
3807,cs
3808,stat.ME
3809,cs
3810,cs
3811,astro-ph.HE
3812,math.FA
3813,physics.flu-dyn
3814,q-bio.QM
3815,physics.ins-det
3816,cs
3817,cond-mat.stat-mech
3818,stat.AP
3819,cs
3820,math.AP
3821,math.MP
3822,astro-ph.HE
3823,cs
3824,stat.ME
3825,cs
3826,cs
3827,math.CO
3828,cs
3829,math.AG
3830,stat.CO
3831,math.DS
3832,stat.ME
3833,astro-ph.CO
3834,q-fin.EC
3835,math.AG
3836,cs
3837,math.AG
3838,q-bio.NC
3839,physics.optics
3840,math.AP
3841,cs
3842,math.NT
3843,physics.optics
3844,q-bio.NC
3845,cond-mat.str-el
3846,math.AT
3847,physics.atom-ph
3848,cs
3849,math.FA
3850,cs
3851,q-fin.ST
3852,math.DS
3853,physics.soc-ph
3854,math.AG
3855,cond-mat.quant-gas
3856,math.NT
3857,cs
3858,stat.ML
3859,cs
3860,math.GT
3861,math.CO
3862,physics.ins-det
3863,math.CO
3864,cs
3865,q-fin.TR
3866,math.DS
3867,cs
3868,cs
3869,cs
3870,q-fin.MF
3871,cond-mat.mes-hall
3872,cs
3873,math.AT
3874,astro-ph.GA
3875,cs
3876,math.CO
3877,astro-ph.IM
3878,cs
3879,cs
3880,math.CO
3881,astro-ph.HE
3882,math.AG
3883,cs
3884,q-fin.PM
3885,cs
3886,q-fin.PM
3887,cs
3888,math.AG
3889,cs
3890,math.AG
3891,stat.AP
3892,cs
3893,cs
3894,cs
3895,astro-ph.EP
3896,q-bio.QM
3897,astro-ph.HE
3898,cond-mat.str-el
3899,cs
3900,physics.flu-dyn
3901,q-bio.NC
3902,cs
3903,stat.ME
3904,astro-ph.HE
3905,cs
3906,math.DG
3907,math.CA
3908,stat.AP
3909,math.CO
3910,astro-ph.EP
3911,stat.ME
3912,math.GT
3913,cs
3914,cs
3915,stat.ME
3916,math.AG
3917,math.AP
3918,q-bio.NC
3919,cs
3920,cs
3921,math.CO
3922,math.DG
3923,cs
3924,q-bio.CB
3925,cs
3926,math.GT
3927,cond-mat.str-el
3928,math.DG
3929,cs
3930,cs
3931,cond-mat.mes-hall
3932,stat.CO
3933,q-bio.NC
3934,cs
3935,physics.ins-det
3936,math.FA
3937,physics.optics
3938,cs
3939,math.AG
3940,math.CO
3941,q-bio.QM
3942,q-fin.ST
3943,cs
3944,math.GR
3945,cs
3946,math.AP
3947,cs
3948,math.GT
3949,math.FA
3950,q-bio.NC
3951,cs
3952,cs
3953,stat.ML
3954,math.DS
3955,cs
3956,q-fin.MF
3957,q-bio.PE
3958,cs
3959,physics.ins-det
3960,math.CA
3961,cs
3962,astro-ph.IM
3963,cs
3964,stat.CO
3965,stat.TH
3966,astro-ph.CO
3967,cs
3968,cs
3969,physics.ins-det
3970,cs
3971,math.CO
3972,astro-ph.IM
3973,q-bio.PE
3974,cs
3975,q-fin.EC
3976,stat.ME
3977,cs
3978,math.CO
3979,cs
3980,q-bio.PE
3981,math.DS
3982,cond-mat.mes-hall
3983,cs
3984,physics.gen-ph
3985,cs
3986,cs
3987,q-fin.ST
3988,cs
3989,math.CO
3990,math.CA
3991,q-bio.NC
3992,cs
3993,cond-mat.stat-mech
3994,cs
3995,cs
3996,q-fin.RM
3997,math.CO
3998,cs
3999,math.CO
4000,math.AP
4001,cond-mat.str-el
4002,math.AG
4003,cs
4004,cs
4005,math.AG
4006,cs
4007,astro-ph.HE
4008,cs
4009,math.DS
4010,stat.ME
4011,cond-mat.mtrl-sci
4012,cs
4013,cs
4014,cs
4015,q-fin.MF
4016,stat.ME
4017,astro-ph.IM
4018,q-bio.PE
4019,math.AG
4020,cs
4021,cs
4022,cs
4023,cond-mat.str-el
4024,math.CO
4025,math.DS
4026,physics.gen-ph
4027,cs
4028,q-bio.PE
4029,q-bio.NC
4030,math.FA
4031,cs
4032,math.AG
4033,physics.optics
4034,physics.ins-det
4035,math.CA
4036,math.DG
4037,math.AP
4038,math.AP
4039,math.AG
4040,stat.ME
4041,cs
4042,astro-ph.HE
4043,cs
4044,math.CV
4045,math.AP
4046,math.CO
4047,cs
4048,math.AP
4049,astro-ph.HE
4050,physics.optics
4051,cs
4052,physics.ins-det
4053,cs
4054,math.AG
4055,cs
4056,cond-mat.stat-mech
4057,cs
4058,physics.gen-ph
4059,math.AG
4060,cond-mat.quant-gas
4061,math.AG
4062,cs
4063,cond-mat.mes-hall
4064,math.CO
4065,cs
4066,physics.flu-dyn
4067,stat.ML
4068,cs
4069,math.AG
4070,cs
4071,math.GT
4072,math.GT
4073,stat.CO
4074,cs
4075,astro-ph.HE
4076,math.CA
4077,cs
4078,cond-mat.mes-hall
4079,cs
4080,astro-ph.CO
4081,cond-mat.mes-hall
4082,physics.plasm-ph
4083,q-fin.MF
4084,cs
4085,astro-ph.HE
4086,cs
4087,astro-ph.HE
4088,cs
4089,math.NT
4090,cs
4091,cs
4092,cs
4093,cs
4094,math.CA
4095,cs
4096,cs
4097,cs
4098,math.DS
4099,cs
4100,cs
4101,math.GT
4102,cs
4103,math.GT
4104,astro-ph.HE
4105,math.AP
4106,cond-mat.supr-con
4107,cs
4108,astro-ph.HE
4109,cs
4110,cs
4111,cond-mat.mes-hall
4112,math.AG
4113,math.AG
4114,cs
4115,astro-ph.IM
4116,math.CO
4117,cond-mat.str-el
4118,math.GT
4119,math.NT
4120,cs
4121,cond-mat.mtrl-sci
4122,math.CA
4123,q-bio.PE
4124,cs
4125,math.CO
4126,math.CA
4127,cs
4128,math.PR
4129,cs
4130,q-bio.QM
4131,math.NT
4132,cond-mat.str-el
4133,q-fin.MF
4134,math.DS
4135,math.DG
4136,q-bio.BM
4137,math.AG
4138,cs
4139,cs
4140,astro-ph.HE
4141,math.CT
4142,cs
4143,cs
4144,math.CT
4145,math.AP
4146,math.CA
4147,cs
4148,q-fin.RM
4149,q-bio.PE
4150,q-bio.PE
4151,q-bio.NC
4152,q-fin.EC
4153,q-fin.TR
4154,q-bio.NC
4155,physics.gen-ph
4156,cond-mat.stat-mech
4157,cs
4158,cs
4159,math.CO
4160,math.LO
4161,cs
4162,math.AG
4163,cond-mat.str-el
4164,cs
4165,cs
4166,physics.ins-det
4167,cs
4168,cs
4169,cond-mat.mtrl-sci
4170,math.AP
4171,physics.ins-det
4172,math.AP
4173,cs
4174,cond-mat.mes-hall
4175,q-fin.ST
4176,cs
4177,q-fin.MF
4178,math.DG
4179,cs
4180,math.AG
4181,astro-ph.CO
4182,physics.ins-det
4183,cs
4184,math.CO
4185,cs
4186,cs
4187,math.AG
4188,cs
4189,math.CA
4190,cs
4191,math.AG
4192,cs
4193,cond-mat.quant-gas
4194,math.CA
4195,cs
4196,math.CO
4197,math.AP
4198,math.NT
4199,cs
4200,cs
4201,math.AG
4202,cs
4203,cs
4204,math.AP
4205,math.NT
4206,math.CA
4207,math.AC
4208,cs
4209,cond-mat.mes-hall
4210,cond-mat.dis-nn
4211,math.AP
4212,math.DS
4213,cs
4214,stat.TH
4215,cond-mat.supr-con
4216,math.CA
4217,cs
4218,q-bio.PE
4219,cs
4220,math.AG
4221,math.AP
4222,math.GR
4223,cs
4224,math.AG
4225,math.CO
4226,cs
4227,cs
4228,cs
4229,cs
4230,q-bio.PE
4231,math.CO
4232,cs
4233,cs
4234,astro-ph.GA
4235,astro-ph.HE
4236,math.CA
4237,math.DG
4238,cond-mat.mes-hall
4239,cs
4240,cond-mat.dis-nn
4241,cond-mat.quant-gas
4242,astro-ph.HE
4243,astro-ph.IM
4244,cs
4245,physics.med-ph
4246,cs
4247,q-fin.ST
4248,cond-mat.str-el
4249,cs
4250,cond-mat.supr-con
4251,cs
4252,q-fin.EC
4253,q-bio.QM
4254,math.AP
4255,math.CO
4256,cond-mat.soft
4257,q-bio.CB
4258,math.MP
4259,math.AT
4260,cs
4261,q-bio.CB
4262,astro-ph.HE
4263,q-bio.PE
4264,physics.ins-det
4265,cs
4266,math.AG
4267,cond-mat.supr-con
4268,math.CA
4269,cs
4270,math.AT
4271,q-bio.BM
4272,math.CT
4273,math.DS
4274,math.CO
4275,cond-mat.mes-hall
4276,physics.optics
4277,cs
4278,math.CT
4279,math.DS
4280,astro-ph.EP
4281,cs
4282,math.FA
4283,astro-ph.HE
4284,astro-ph.HE
4285,q-fin.MF
4286,cs
4287,cs
4288,math.CT
4289,cs
4290,cond-mat.mes-hall
4291,q-bio.QM
4292,cs
4293,cs
4294,cs
4295,math.AG
4296,cs
4297,cs
4298,q-fin.CP
4299,cs
4300,cs
4301,stat.ME
4302,math.AG
4303,math.KT
4304,cond-mat.mtrl-sci
4305,physics.flu-dyn
4306,math.CO
4307,q-fin.EC
4308,cs
4309,cs
4310,cs
4311,q-bio.NC
4312,cs
4313,math.AP
4314,q-fin.ST
4315,cs
4316,cs
4317,cs
4318,math.CO
4319,cs
4320,cs
4321,math.NT
4322,math.DS
4323,cs
4324,cs
4325,astro-ph.HE
4326,cs
4327,astro-ph.HE
4328,math.CO
4329,cond-mat.mes-hall
4330,math.CA
4331,math.NT
4332,q-bio.BM
4333,math.AG
4334,cond-mat.mtrl-sci
4335,cs
4336,cond-mat.supr-con
4337,cs
4338,math.CA
4339,cond-mat.stat-mech
4340,astro-ph.IM
4341,stat.TH
4342,physics.chem-ph
4343,math.AG
4344,math.CO
4345,math.CO
4346,cs
4347,cs
4348,cs
4349,physics.flu-dyn
4350,q-bio.QM
4351,cs
4352,astro-ph.HE
4353,stat.TH
4354,cs
4355,astro-ph.HE
4356,astro-ph.HE
4357,math.DG
4358,physics.ins-det
4359,cs
4360,q-bio.MN
4361,physics.optics
4362,cond-mat.mtrl-sci
4363,math.AG
4364,q-fin.EC
4365,cs
4366,q-bio.PE
4367,cs
4368,math.CO
4369,physics.app-ph
4370,math.CO
4371,math.AG
4372,cond-mat.mes-hall
4373,cond-mat.mes-hall
4374,astro-ph.HE
4375,stat.ME
4376,cs
4377,math.GT
4378,math.AG
4379,math.NT
4380,math.AG
4381,cs
4382,cs
4383,math.DS
4384,cond-mat.stat-mech
4385,math.AG
4386,cond-mat.stat-mech
4387,cs
4388,math.DS
4389,math.AP
4390,cs
4391,cs
4392,math.AG
4393,cs
4394,cond-mat.mtrl-sci
4395,astro-ph.IM
4396,cs
4397,physics.ins-det
4398,math.CO
4399,cs
4400,math.CO
4401,q-fin.PR
4402,cs
4403,cs
4404,math.CO
4405,q-bio.PE
4406,math.DS
4407,math.DS
4408,q-fin.PM
4409,astro-ph.HE
4410,math.CT
4411,cs
4412,math.CO
4413,cs
4414,physics.flu-dyn
4415,cs
4416,cs
4417,cond-mat.stat-mech
4418,cs
4419,cs
4420,cond-mat.stat-mech
4421,cs
4422,cs
4423,math.AG
4424,astro-ph.HE
4425,cond-mat.quant-gas
4426,cs
4427,q-bio.PE
4428,q-bio.NC
4429,cond-mat.str-el
4430,math.AG
4431,cs
4432,cs
4433,cs
4434,cond-mat.quant-gas
4435,cond-mat.mes-hall
4436,stat.CO
4437,cs
4438,math.CA
4439,cs
4440,math.CV
4441,cs
4442,cs
4443,astro-ph.CO
4444,cs
4445,cond-mat.supr-con
4446,cs
4447,q-fin.ST
4448,math.DG
4449,cs
4450,math.CT
4451,math.CA
4452,math.CO
4453,cs
4454,cs
4455,cs
4456,cs
4457,q-bio.NC
4458,cs
4459,physics.plasm-ph
4460,cs
4461,physics.ins-det
4462,math.AG
4463,stat.TH
4464,cs
4465,math.AP
4466,math.AG
4467,cs
4468,math.DG
4469,physics.chem-ph
4470,cs
4471,math.CO
4472,cs
4473,cs
4474,astro-ph.HE
4475,cs
4476,math.CO
4477,cs
4478,cs
4479,cs
4480,cs
4481,cs
4482,q-fin.TR
4483,cs
4484,stat.ME
4485,q-fin.GN
4486,cs
4487,stat.ME
4488,astro-ph.IM
4489,cs
4490,math.NT
4491,q-fin.MF
4492,cs
4493,math.AG
4494,math.CO
4495,q-bio.PE
4496,cs
4497,math.CO
4498,cs
4499,math.AP
4500,physics.optics
4501,math.AG
4502,cs
4503,q-fin.EC
4504,physics.flu-dyn
4505,astro-ph.HE
4506,math.AP
4507,q-bio.PE
4508,q-fin.ST
4509,cs
4510,cs
4511,astro-ph.CO
4512,math.DG
4513,q-fin.MF
4514,cs
4515,q-fin.PR
4516,cs
4517,cs
4518,q-fin.ST
4519,cs
4520,math.AG
4521,cs
4522,cs
4523,cs
4524,cs
4525,math.AG
4526,cond-mat.str-el
4527,cond-mat.str-el
4528,astro-ph.HE
4529,physics.ins-det
4530,math.CO
4531,q-bio.NC
4532,cs
4533,physics.gen-ph
4534,math.CA
4535,cs
4536,cs
4537,cond-mat.str-el
4538,q-fin.MF
4539,physics.ins-det
4540,math.CO
4541,cs
4542,q-bio.QM
4543,astro-ph.IM
4544,physics.ins-det
4545,cond-mat.quant-gas
4546,math.CO
4547,astro-ph.HE
4548,math.MP
4549,cs
4550,math.AT
4551,physics.flu-dyn
4552,cond-mat.mtrl-sci
4553,cs
4554,cs
4555,cs
4556,cs
4557,astro-ph.HE
4558,cs
4559,cs
4560,cs
4561,cond-mat.mes-hall
4562,q-fin.MF
4563,math.AP
4564,math.DS
4565,math.RT
4566,cs
4567,math.GR
4568,math.AG
4569,cs
4570,math.CA
4571,cs
4572,cs
4573,q-fin.CP
4574,math.CO
4575,cs
4576,cs
4577,physics.optics
4578,physics.optics
4579,math.AG
4580,math.CO
4581,math.AG
4582,math.AG
4583,cond-mat.str-el
4584,math.CO
4585,q-bio.NC
4586,cs
4587,cs
4588,cs
4589,math.LO
4590,math.AP
4591,physics.class-ph
4592,stat.ML
4593,cs
4594,cs
4595,cond-mat.mes-hall
4596,cs
4597,cs
4598,cs
4599,cs
4600,cond-mat.str-el
4601,cs
4602,q-bio.NC
4603,physics.optics
4604,cs
4605,cond-mat.mtrl-sci
4606,cs
4607,physics.flu-dyn
4608,math.GR
4609,math.DG
4610,cs
4611,cs
4612,cond-mat.mes-hall
4613,math.AG
4614,q-bio.NC
4615,math.AG
4616,cond-mat.stat-mech
4617,cs
4618,cs
4619,cond-mat.str-el
4620,cs
4621,cs
4622,q-fin.EC
4623,math.DG
4624,q-fin.ST
4625,cs
4626,math.RT
4627,q-bio.TO
4628,cs
4629,cs
4630,math.CA
4631,math.CO
4632,math.CO
4633,cs
4634,math.CO
4635,math.AP
4636,cond-mat.mes-hall
4637,math.AP
4638,cs
4639,physics.optics
4640,cs
4641,cs
4642,astro-ph.HE
4643,math.GR
4644,q-bio.QM
4645,cs
4646,cs
4647,math.GT
4648,astro-ph.HE
4649,cs
4650,math.AG
4651,math.GR
4652,astro-ph.HE
4653,cs
4654,cond-mat.str-el
4655,math.DS
4656,physics.plasm-ph
4657,q-fin.RM
4658,math.AG
4659,q-fin.ST
4660,math.OA
4661,physics.optics
4662,math.CA
4663,physics.gen-ph
4664,math.AG
4665,cs
4666,cs
4667,astro-ph.HE
4668,astro-ph.CO
4669,math.NT
4670,q-fin.EC
4671,astro-ph.IM
4672,cs
4673,cs
4674,cs
4675,q-fin.EC
4676,astro-ph.IM
4677,math.AG
4678,cs
4679,math.AG
4680,astro-ph.HE
4681,cs
4682,math.AP
4683,cs
4684,math.AP
4685,astro-ph.HE
4686,cond-mat.supr-con
4687,q-fin.ST
4688,cs
4689,q-bio.QM
4690,stat.ME
4691,astro-ph.HE
4692,q-bio.NC
4693,q-bio.TO
4694,cs
4695,physics.flu-dyn
4696,math.AG
4697,cs
4698,math.AG
4699,cs
4700,q-fin.MF
4701,astro-ph.HE
4702,q-fin.RM
4703,cs
4704,cs
4705,physics.flu-dyn
4706,astro-ph.IM
4707,math.AG
4708,stat.ME
4709,cs
4710,stat.ME
4711,math.DG
4712,math.CA
4713,cs
4714,cs
4715,math.AG
4716,cond-mat.quant-gas
4717,cond-mat.mes-hall
4718,cs
4719,cs
4720,math.AP
4721,math.AG
4722,q-fin.RM
4723,physics.flu-dyn
4724,q-bio.PE
4725,math.CA
4726,cs
4727,physics.optics
4728,math.CO
4729,cs
4730,cs
4731,q-fin.MF
4732,cond-mat.stat-mech
4733,math.AG
4734,physics.flu-dyn
4735,cs
4736,cs
4737,astro-ph.IM
4738,math.GR
4739,cs
4740,astro-ph.IM
4741,cs
4742,math.AP
4743,cs
4744,physics.ins-det
4745,q-bio.PE
4746,cs
4747,cs
4748,physics.ins-det
4749,stat.TH
4750,cs
4751,cs
4752,cs
4753,cs
4754,math.DG
4755,physics.ins-det
4756,math.DS
4757,cs
4758,math.DG
4759,cs
4760,cs
4761,math.DG
4762,cs
4763,cs
4764,math.AG
4765,math.MG
4766,stat.ML
4767,q-bio.PE
4768,cs
4769,cs
4770,cond-mat.stat-mech
4771,cond-mat.str-el
4772,cs
4773,astro-ph.HE
4774,math.DS
4775,astro-ph.IM
4776,math.CO
4777,cs
4778,cs
4779,math.AP
4780,cs
4781,q-bio.BM
4782,math.DG
4783,astro-ph.IM
4784,math.CO
4785,math.AT
4786,math.AT
4787,math.CO
4788,math.GT
4789,math.AC
4790,cond-mat.mes-hall
4791,cs
4792,q-bio.PE
4793,q-bio.PE
4794,astro-ph.HE
4795,cs
4796,cs
4797,math.AP
4798,math.AP
4799,math.AP
4800,math.DG
4801,cond-mat.str-el
4802,math.AP
4803,cond-mat.mes-hall
4804,cs
4805,cs
4806,cs
4807,cs
4808,cs
4809,cond-mat.mes-hall
4810,astro-ph.HE
4811,math.AP
4812,cs
4813,cs
4814,q-bio.QM
4815,cs
4816,math.AP
4817,q-fin.MF
4818,math.AG
4819,cs
4820,cs
4821,cs
4822,cs
4823,math.DG
4824,cs
4825,physics.ins-det
4826,math.AG
4827,physics.plasm-ph
4828,math.CO
4829,physics.ins-det
4830,cs
4831,math.CO
4832,cs
4833,cs
4834,cs
4835,cs
4836,cs
4837,stat.ME
4838,stat.TH
4839,math.AG
4840,stat.ME
4841,physics.ins-det
4842,cs
4843,math.CO
4844,math.AP
4845,cs
4846,math.CO
4847,cs
4848,math.AC
4849,stat.ML
4850,cond-mat.str-el
4851,astro-ph.IM
4852,cond-mat.str-el
4853,cs
4854,cs
4855,cond-mat.mtrl-sci
4856,astro-ph.SR
4857,q-bio.MN
4858,cs
4859,q-fin.ST
4860,math.AG
4861,cs
4862,cs
4863,astro-ph.IM
4864,physics.flu-dyn
4865,cs
4866,math.DS
4867,cs
4868,cs
4869,cs
4870,astro-ph.HE
4871,cond-mat.str-el
4872,cs
4873,stat.ML
4874,math.NT
4875,math.AP
4876,math.CO
4877,math.AC
4878,astro-ph.IM
4879,q-bio.BM
4880,q-fin.TR
4881,cs
4882,math.AP
4883,cs
4884,q-fin.GN
4885,q-bio.PE
4886,math.CA
4887,math.AP
4888,q-fin.RM
4889,cs
4890,math.NT
4891,astro-ph.HE
4892,cs
4893,cs
4894,math.DS
4895,cs
4896,math.CV
4897,astro-ph.IM
4898,cs
4899,math.AP
4900,cs
4901,physics.class-ph
4902,cs
4903,cs
4904,physics.ins-det
4905,math.AG
4906,q-bio.QM
4907,math.AG
4908,math.GT
4909,cond-mat.mes-hall
4910,cs
4911,cond-mat.stat-mech
4912,cs
4913,cs
4914,cond-mat.str-el
4915,math.CO
4916,math.AT
4917,physics.optics
4918,q-fin.MF
4919,cs
4920,q-bio.NC
4921,q-fin.MF
4922,cs
4923,cs
4924,q-bio.QM
4925,math.CO
4926,astro-ph.HE
4927,cond-mat.supr-con
4928,cs
4929,cs
4930,math.AP
4931,cs
4932,cs
4933,cs
4934,cs
4935,cs
4936,cs
4937,math.GR
4938,cs
4939,math.CA
4940,math.AP
4941,astro-ph.HE
4942,cs
4943,q-fin.MF
4944,astro-ph.IM
4945,astro-ph.HE
4946,math.AT
4947,q-fin.MF
4948,cs
4949,q-bio.QM
4950,cs
4951,cs
4952,cs
4953,cs
4954,math.AP
4955,astro-ph.HE
4956,astro-ph.HE
4957,cs
4958,math.CO
4959,astro-ph.HE
4960,math.CV
4961,physics.flu-dyn
4962,math.DG
4963,cs
4964,astro-ph.HE
4965,astro-ph.HE
4966,math.GR
4967,physics.gen-ph
4968,q-bio.QM
4969,math.CA
4970,cs
4971,q-fin.MF
4972,cond-mat.mtrl-sci
4973,cond-mat.mes-hall
4974,math.DG
4975,cs
4976,cs
4977,math.AP
4978,math.CA
4979,cs
4980,physics.plasm-ph
4981,math.CO
4982,physics.ins-det
4983,cs
4984,cs
4985,cs
4986,astro-ph.CO
4987,math.NT
4988,cs
4989,math.AG
4990,q-bio.QM
4991,cs
4992,cs
4993,q-fin.CP
4994,math.AG
4995,stat.AP
4996,physics.optics
4997,cs
4998,cond-mat.soft
4999,math.AG
5000,cond-mat.str-el
5001,physics.gen-ph
5002,math.CO
5003,physics.med-ph
5004,math.DG
5005,cs
5006,physics.ins-det
5007,cs
5008,cs
5009,math.NT
5010,physics.flu-dyn
5011,astro-ph.HE
5012,math.CT
5013,math.AP
5014,math.CO
5015,math.GT
5016,math.DS
5017,stat.CO
5018,cs
5019,q-bio.TO
5020,cs
5021,math.AG
5022,math.AG
5023,cs
5024,cond-mat.quant-gas
5025,q-fin.EC
5026,cs
5027,q-bio.NC
5028,cs
5029,cs
5030,math.AC
5031,cond-mat.mtrl-sci
5032,cs
5033,cond-mat.str-el
5034,math.CA
5035,cs
5036,astro-ph.IM
5037,cs
5038,stat.ME
5039,math.FA
5040,cs
5041,physics.ins-det
5042,cond-mat.mes-hall
5043,q-bio.PE
5044,cs
5045,math.NT
5046,cs
5047,cs
5048,math.AP
5049,math.AC
5050,cs
5051,cs
5052,cs
5053,astro-ph.HE
5054,q-bio.QM
5055,math.AT
5056,cs
5057,physics.optics
5058,cs
5059,astro-ph.HE
5060,math.AG
5061,math.AG
5062,cs
5063,q-bio.QM
5064,cond-mat.stat-mech
5065,cond-mat.mtrl-sci
5066,astro-ph.CO
5067,cs
5068,math.NT
5069,cs
5070,q-bio.NC
5071,cs
5072,cs
5073,cs
5074,cs
5075,cs
5076,math.AG
5077,math.AP
5078,math.AG
5079,astro-ph.GA
5080,math.KT
5081,cs
5082,math.AG
5083,q-fin.MF
5084,cond-mat.mes-hall
5085,cond-mat.mtrl-sci
5086,math.AT
5087,cs
5088,q-fin.ST
5089,q-bio.NC
5090,cond-mat.mtrl-sci
5091,cs
5092,math.MP
5093,astro-ph.HE
5094,cs
5095,math.DS
5096,cs
5097,cs
5098,cond-mat.mtrl-sci
5099,q-fin.MF
5100,math.NT
5101,math.CO
5102,cs
5103,math.AT
5104,math.DG
5105,physics.flu-dyn
5106,astro-ph.GA
5107,q-bio.QM
5108,q-bio.CB
5109,math.AG
5110,cs
5111,math.LO
5112,astro-ph.HE
5113,cs
5114,q-fin.MF
5115,q-bio.TO
5116,q-bio.NC
5117,cs
5118,physics.flu-dyn
5119,cond-mat.str-el
5120,math.NT
5121,math.CA
5122,cond-mat.stat-mech
5123,cs
5124,q-bio.NC
5125,q-bio.PE
5126,stat.ML
5127,cs
5128,q-fin.ST
5129,cs
5130,cs
5131,cond-mat.stat-mech
5132,math.CO
5133,stat.ME
5134,math.DS
5135,cs
5136,math.AP
5137,math.DG
5138,stat.TH
5139,cs
5140,physics.chem-ph
5141,q-fin.EC
5142,cs
5143,math.AT
5144,q-fin.EC
5145,physics.gen-ph
5146,cs
5147,math.AG
5148,cs
5149,stat.TH
5150,cs
5151,cond-mat.mes-hall
5152,cs
5153,astro-ph.IM
5154,math.CT
5155,math.CO
5156,cs
5157,cs
5158,astro-ph.HE
5159,q-fin.MF
5160,stat.ME
5161,astro-ph.HE
5162,math.AC
5163,cs
5164,cs
5165,cs
5166,cs
5167,math.GR
5168,math.DG
5169,cs
5170,cs
5171,math.CO
5172,cond-mat.stat-mech
5173,math.AP
5174,cs
5175,cs
5176,physics.flu-dyn
5177,math.DS
5178,physics.ins-det
5179,astro-ph.CO
5180,math.DG
5181,physics.comp-ph
5182,cs
5183,math.CA
5184,q-fin.MF
5185,cs
5186,q-fin.ST
5187,cs
5188,q-fin.MF
5189,cs
5190,math.AG
5191,astro-ph.HE
5192,q-bio.PE
5193,cs
5194,math.AG
5195,cs
5196,math.DS
5197,math.DS
5198,cs
5199,cs
5200,math.GT
5201,cs
5202,cs
5203,astro-ph.HE
5204,cond-mat.mes-hall
5205,cond-mat.mes-hall
5206,math.CT
5207,math.GT
5208,cs
5209,physics.ins-det
5210,physics.ins-det
5211,cs
5212,cs
5213,cs
5214,math.CA
5215,math.AP
5216,q-bio.QM
5217,cs
5218,q-fin.MF
5219,cs
5220,cond-mat.mtrl-sci
5221,cs
5222,cs
5223,stat.CO
5224,stat.ME
5225,math.AG
5226,cond-mat.mes-hall
5227,cs
5228,math.DG
5229,cs
5230,physics.plasm-ph
5231,cs
5232,cond-mat.str-el
5233,math.AP
5234,astro-ph.SR
5235,cs
5236,cond-mat.str-el
5237,math.DG
5238,math.AP
5239,cs
5240,math.AP
5241,cond-mat.stat-mech
5242,cs
5243,cs
5244,cs
5245,cs
5246,cs
5247,math.DG
5248,math.AP
5249,physics.optics
5250,physics.flu-dyn
5251,physics.optics
5252,cs
5253,cs
5254,math.DS
5255,q-bio.BM
5256,cs
5257,cs
5258,cs
5259,q-bio.PE
5260,stat.ME
5261,cs
5262,math.CO
5263,cs
5264,q-fin.EC
5265,cond-mat.quant-gas
5266,math.AG
5267,cs
5268,cs
5269,math.AP
5270,q-bio.CB
5271,math.GT
5272,cs
5273,astro-ph.IM
5274,math.LO
5275,cs
5276,math.PR
5277,cs
5278,cs
5279,cs
5280,math.NT
5281,q-bio.NC
5282,cs
5283,math.AP
5284,cs
5285,math.AC
5286,q-bio.NC
5287,cs
5288,q-fin.EC
5289,cs
5290,cs
5291,math.DS
5292,math.AT
5293,cs
5294,math.AP
5295,astro-ph.HE
5296,cs
5297,math.AG
5298,cs
5299,astro-ph.HE
5300,astro-ph.HE
5301,math.NT
5302,q-bio.QM
5303,cs
5304,cs
5305,cs
5306,math.CO
5307,cs
5308,physics.ins-det
5309,astro-ph.HE
5310,math.DG
5311,astro-ph.HE
5312,cs
5313,cs
5314,math.AT
5315,cs
5316,cond-mat.mtrl-sci
5317,astro-ph.IM
5318,math.AG
5319,q-bio.PE
5320,math.AP
5321,cs
5322,cs
5323,math.AG
5324,q-fin.EC
5325,cs
5326,cs
5327,cs
5328,math.AC
5329,cs
5330,math.CO
5331,math.CO
5332,astro-ph.HE
5333,math.CO
5334,physics.ins-det
5335,cs
5336,math.AP
5337,astro-ph.HE
5338,q-fin.ST
5339,cs
5340,math.DG
5341,cond-mat.str-el
5342,cs
5343,cs
5344,math.CO
5345,math.AG
5346,astro-ph.CO
5347,cs
5348,cs
5349,cs
5350,cs
5351,q-fin.ST
5352,math.AT
5353,cs
5354,cs
5355,physics.comp-ph
5356,cs
5357,cs
5358,cs
5359,physics.optics
5360,math.AC
5361,cs
5362,q-bio.NC
5363,math.FA
5364,cs
5365,astro-ph.HE
5366,math.AG
5367,q-bio.BM
5368,cond-mat.soft
5369,q-bio.TO
5370,cs
5371,cs
5372,cs
5373,q-bio.BM
5374,math.AG
5375,math.DS
5376,cond-mat.mes-hall
5377,cs
5378,cs
5379,cs
5380,math.AP
5381,cond-mat.mes-hall
5382,astro-ph.HE
5383,astro-ph.IM
5384,cs
5385,math.AT
5386,math.AP
5387,q-fin.EC
5388,cs
5389,astro-ph.SR
5390,math.CO
5391,q-bio.NC
5392,math.NT
5393,math.AG
5394,math.GT
5395,physics.optics
5396,cs
5397,cs
5398,math.AG
5399,cs
5400,astro-ph.IM
5401,cs
5402,cs
5403,cs
5404,math.AG
5405,cs
5406,cs
5407,cs
5408,q-bio.QM
5409,physics.ins-det
5410,math.DG
5411,cond-mat.str-el
5412,cs
5413,cs
5414,cs
5415,math.CT
5416,q-bio.NC
5417,q-bio.CB
5418,q-bio.CB
5419,math.AC
5420,cs
5421,cs
5422,cond-mat.soft
5423,math.LO
5424,math.FA
5425,cs
5426,astro-ph.IM
5427,q-fin.ST
5428,cs
5429,math.NT
5430,cs
5431,physics.ins-det
5432,math.GR
5433,cs
5434,math.AP
5435,cs
5436,cs
5437,q-fin.MF
5438,cs
5439,astro-ph.HE
5440,cs
5441,cs
5442,cs
5443,q-bio.NC
5444,math.CO
5445,astro-ph.HE
5446,math.AP
5447,q-bio.NC
5448,cs
5449,cs
5450,q-fin.MF
5451,math.AG
5452,cs
5453,cs
5454,cond-mat.mes-hall
5455,cs
5456,cond-mat.soft
5457,cs
5458,cs
5459,cs
5460,math.AP
5461,q-bio.CB
5462,math.AG
5463,math.AG
5464,q-bio.MN
5465,q-fin.MF
5466,math.DG
5467,astro-ph.CO
5468,math.AT
5469,q-fin.MF
5470,cs
5471,cond-mat.mes-hall
5472,physics.class-ph
5473,cs
5474,math.CO
5475,cs
5476,math.DS
5477,stat.ML
5478,math.CO
5479,math.DS
5480,cs
5481,cond-mat.mes-hall
5482,stat.AP
5483,cond-mat.quant-gas
5484,q-fin.PM
5485,cs
5486,math.AG
5487,cs
5488,cs
5489,cs
5490,cs
5491,physics.acc-ph
5492,cs
5493,cs
5494,math.AG
5495,cs
5496,cs
5497,cs
5498,cs
5499,math.AG
5500,cs
5501,math.AG
5502,astro-ph.HE
5503,math.CO
5504,cs
5505,cond-mat.str-el
5506,cs
5507,physics.flu-dyn
5508,physics.flu-dyn
5509,cs
5510,math.AP
5511,cs
5512,cs
5513,cs
5514,math.AG
5515,cs
5516,physics.optics
5517,math.NT
5518,cs
5519,cs
5520,math.CO
5521,math.AG
5522,cs
5523,math.CO
5524,cs
5525,cs
5526,math.GR
5527,q-bio.BM
5528,math.CO
5529,math.DS
5530,cs
5531,cs
5532,cs
5533,math.DS
5534,cs
5535,cs
5536,cs
5537,cond-mat.mtrl-sci
5538,cs
5539,q-bio.PE
5540,astro-ph.IM
5541,astro-ph.HE
5542,cs
5543,math.DG
5544,math.RT
5545,astro-ph.HE
5546,cs
5547,cs
5548,math.AG
5549,math.AG
5550,cs
5551,cs
5552,physics.optics
5553,q-fin.EC
5554,physics.optics
5555,math.CO
5556,cs
5557,q-bio.PE
5558,math.DG
5559,cs
5560,math.DG
5561,cs
5562,math.GT
5563,math.CO
5564,cs
5565,cs
5566,astro-ph.IM
5567,q-fin.MF
5568,astro-ph.HE
5569,cs
5570,cs
5571,cs
5572,cs
5573,math.AG
5574,cs
5575,q-bio.MN
5576,math.DG
5577,astro-ph.HE
5578,cs
5579,math.CO
5580,cs
5581,astro-ph.HE
5582,cond-mat.mes-hall
5583,cond-mat.str-el
5584,physics.optics
5585,cs
5586,math.AG
5587,cs
5588,cs
5589,cs
5590,cs
5591,astro-ph.IM
5592,math.LO
5593,math.DG
5594,math.AG
5595,cs
5596,math.CO
5597,q-bio.NC
5598,cond-mat.quant-gas
5599,cs
5600,cs
5601,math.DG
5602,cs
5603,math.AG
5604,math.AG
5605,math.AP
5606,cs
5607,cs
5608,cond-mat.mes-hall
5609,math.CO
5610,stat.ML
5611,astro-ph.IM
5612,q-bio.QM
5613,q-fin.ST
5614,cond-mat.mtrl-sci
5615,math.CO
5616,math.AG
5617,cs
5618,cs
5619,cs
5620,cs
5621,cs
5622,physics.flu-dyn
5623,q-bio.QM
5624,math.GT
5625,q-bio.NC
5626,cond-mat.mes-hall
5627,cs
5628,math.NT
5629,cond-mat.str-el
5630,cs
5631,cs
5632,math.AG
5633,q-fin.ST
5634,cond-mat.mes-hall
5635,cs
5636,q-fin.EC
5637,cs
5638,cs
5639,cond-mat.str-el
5640,math.CT
5641,math.CT
5642,math.NT
5643,math.AG
5644,cs
5645,cs
5646,cs
5647,physics.ins-det
5648,astro-ph.HE
5649,math.DS
5650,cs
5651,math.GN
5652,math.AG
5653,math.NT
5654,cs
5655,cs
5656,cs
5657,q-bio.QM
5658,astro-ph.CO
5659,cs
5660,cs
5661,physics.comp-ph
5662,cs
5663,cs
5664,cond-mat.stat-mech
5665,math.DG
5666,cs
5667,math.AT
5668,cond-mat.mtrl-sci
5669,astro-ph.SR
5670,astro-ph.HE
5671,stat.ML
5672,q-bio.NC
5673,math.CO
5674,cs
5675,q-bio.NC
5676,math.AT
5677,stat.ML
5678,cond-mat.stat-mech
5679,cs
5680,cs
5681,q-bio.NC
5682,cs
5683,cs
5684,astro-ph.HE
5685,q-bio.QM
5686,math.DS
5687,cs
5688,stat.ME
5689,cs
5690,cs
5691,physics.ins-det
5692,cs
5693,math.CO
5694,physics.plasm-ph
5695,math.AG
5696,physics.gen-ph
5697,cs
5698,math.AG
5699,cs
5700,q-bio.TO
5701,cs
5702,cs
5703,math.DG
5704,cs
5705,math.CA
5706,q-bio.QM
5707,cs
5708,cs
5709,q-bio.NC
5710,math.GT
5711,cs
5712,stat.TH
5713,cs
5714,cs
5715,astro-ph.HE
5716,cs
5717,cs
5718,cs
5719,math.CA
5720,cs
5721,physics.acc-ph
5722,stat.ME
5723,cs
5724,math.CO
5725,physics.atom-ph
5726,cs
5727,math.CA
5728,cs
5729,math.AP
5730,cs
5731,astro-ph.CO
5732,math.AP
5733,cs
5734,q-bio.BM
5735,cond-mat.str-el
5736,cs
5737,cs
5738,astro-ph.IM
5739,math.AP
5740,math.AG
5741,math.CO
5742,cs
5743,cs
5744,cs
5745,physics.chem-ph
5746,cond-mat.mtrl-sci
5747,math.AG
5748,math.AP
5749,q-bio.PE
5750,math.AG
5751,math.GT
5752,math.AP
5753,cs
5754,math.OA
5755,cond-mat.mtrl-sci
5756,math.AG
5757,math.CO
5758,stat.ME
5759,cs
5760,cond-mat.soft
5761,cs
5762,cs
5763,math.CO
5764,q-bio.QM
5765,cs
5766,cs
5767,physics.atom-ph
5768,cs
5769,math.AG
5770,cs
5771,cs
5772,math.AG
5773,cs
5774,cs
5775,math.CO
5776,stat.TH
5777,cs
5778,math.AP
5779,q-fin.EC
5780,math.AT
5781,cs
5782,math.AG
5783,q-fin.TR
5784,cond-mat.stat-mech
5785,math.CO
5786,math.AC
5787,cs
5788,q-fin.ST
5789,math.CA
5790,math.CO
5791,cs
5792,math.AG
5793,q-bio.QM
5794,cs
5795,astro-ph.HE
5796,cond-mat.stat-mech
5797,cs
5798,cs
5799,astro-ph.HE
5800,cs
5801,math.CO
5802,cs
5803,cs
5804,math.DS
5805,cs
5806,math.CA
5807,physics.ins-det
5808,math.DG
5809,cs
5810,math.AP
5811,q-fin.MF
5812,stat.ML
5813,math.CA
5814,cs
5815,math.AP
5816,cs
5817,math.AP
5818,q-fin.MF
5819,math.AG
5820,math.DS
5821,cs
5822,math.CO
5823,cs
5824,cs
5825,math.AP
5826,q-bio.QM
5827,cs
5828,stat.ML
5829,physics.ins-det
5830,physics.plasm-ph
5831,q-bio.NC
5832,cs
5833,cs
5834,cs
5835,q-fin.EC
5836,cs
5837,cs
5838,math.AG
5839,cs
5840,physics.flu-dyn
5841,cs
5842,math.DG
5843,astro-ph.HE
5844,cs
5845,math.CA
5846,cs
5847,cs
5848,cs
5849,math.DS
5850,math.AP
5851,cs
5852,math.AG
5853,cond-mat.str-el
5854,cs
5855,math.CT
5856,cs
5857,math.CO
5858,q-fin.EC
5859,astro-ph.HE
5860,q-bio.BM
5861,cs
5862,cond-mat.str-el
5863,math.AG
5864,cond-mat.supr-con
5865,cs
5866,cs
5867,astro-ph.HE
5868,math.MP
5869,q-fin.EC
5870,cond-mat.quant-gas
5871,math.AT
5872,cs
5873,cond-mat.mes-hall
5874,cs
5875,cond-mat.mes-hall
5876,math.AG
5877,cond-mat.mes-hall
5878,math.AG
5879,q-fin.ST
5880,cs
5881,q-fin.PM
5882,astro-ph.EP
5883,math.DG
5884,cs
5885,math.AG
5886,math.AG
5887,math.DS
5888,cs
5889,math.DG
5890,math.CO
5891,q-fin.ST
5892,math.RT
5893,q-fin.MF
5894,math.GT
5895,math.CO
5896,cs
5897,cond-mat.mes-hall
5898,astro-ph.HE
5899,cs
5900,math.CO
5901,cs
5902,cond-mat.mes-hall
5903,cs
5904,math.AG
5905,math.CO
5906,cs
5907,astro-ph.HE
5908,cs
5909,cond-mat.mes-hall
5910,cs
5911,math.AG
5912,math.AT
5913,math.AP
5914,astro-ph.HE
5915,math.AG
5916,cs
5917,cs
5918,cs
5919,math.AG
5920,math.CA
5921,cs
5922,cs
5923,q-fin.MF
5924,math.CO
5925,q-bio.CB
5926,cond-mat.soft
5927,cond-mat.stat-mech
5928,cs
5929,cs
5930,cs
5931,q-fin.EC
5932,math.AG
5933,math.OA
5934,math.DG
5935,cs
5936,math.CO
5937,math.CO
5938,astro-ph.IM
5939,q-bio.NC
5940,cs
5941,cond-mat.mes-hall
5942,math.CO
5943,cs
5944,math.CO
5945,cs
5946,math.AG
5947,cs
5948,math.AP
5949,math.GR
5950,cs
5951,math.DG
5952,physics.ins-det
5953,math.DG
5954,cs
5955,math.CO
5956,math.DG
5957,cs
5958,math.AG
5959,math.AP
5960,physics.gen-ph
5961,cs
5962,cs
5963,cs
5964,cs
5965,q-bio.PE
5966,math.AP
5967,cs
5968,math.DG
5969,stat.AP
5970,astro-ph.HE
5971,physics.comp-ph
5972,cs
5973,math.CA
5974,math.CO
5975,cs
5976,q-bio.NC
5977,cs
5978,cs
5979,q-fin.ST
5980,cond-mat.mes-hall
5981,math.CO
5982,cs
5983,physics.gen-ph
5984,cs
5985,q-bio.PE
5986,cs
5987,cs
5988,cs
5989,astro-ph.EP
5990,cs
5991,math.CO
5992,cs
5993,cs
5994,cs
5995,math.DS
5996,cond-mat.str-el
5997,cs
5998,cs
5999,q-bio.NC
6000,cs
6001,math.DS
6002,math.NT
6003,astro-ph.IM
6004,cs
6005,math.AP
6006,math.AC
6007,q-fin.GN
6008,cs
6009,q-bio.PE
6010,physics.ins-det
6011,math.AG
6012,math.CV
6013,math.AT
6014,cs
6015,cs
6016,cs
6017,cs
6018,cs
6019,cond-mat.mtrl-sci
6020,cond-mat.mes-hall
6021,cond-mat.str-el
6022,cs
6023,cs
6024,cs
6025,cond-mat.stat-mech
6026,cs
6027,cs
6028,stat.ME
6029,cs
6030,stat.ME
6031,math.DG
6032,math.AG
6033,cond-mat.str-el
6034,math.CA
6035,cs
6036,math.AG
6037,q-fin.ST
6038,astro-ph.HE
6039,physics.optics
6040,math.AG
6041,cs
6042,cs
6043,cs
6044,cs
6045,cs
6046,cs
6047,physics.optics
6048,cs
6049,cond-mat.mes-hall
6050,cs
6051,cs
6052,math.DG
6053,q-fin.CP
6054,math.DG
6055,cond-mat.supr-con
6056,cs
6057,astro-ph.SR
6058,math.RT
6059,math.FA
6060,q-bio.BM
6061,cs
6062,cs
6063,physics.class-ph
6064,cs
6065,cs
6066,cs
6067,cs
6068,q-fin.MF
6069,math.AP
6070,math.AG
6071,cs
6072,math.DS
6073,math.CO
6074,cs
6075,cs
6076,cs
6077,cs
6078,q-bio.PE
6079,math.CO
6080,math.NT
6081,cs
6082,math.CO
6083,physics.optics
6084,astro-ph.IM
6085,cs
6086,cs
6087,cs
6088,astro-ph.IM
6089,cs
6090,q-bio.QM
6091,cs
6092,cs
6093,physics.optics
6094,math.AP
6095,cs
6096,cs
6097,cs
6098,physics.ins-det
6099,cs
6100,cs
6101,cs
6102,cs
6103,math.AG
6104,math.AT
6105,cs
6106,q-bio.SC
6107,math.DS
6108,cs
6109,cond-mat.soft
6110,cond-mat.mes-hall
6111,stat.ME
6112,physics.med-ph
6113,math.AP
6114,physics.ins-det
6115,cs
6116,cs
6117,math.AG
6118,cs
6119,cs
6120,math.AP
6121,math.AG
6122,math.AG
6123,cs
6124,cs
6125,cond-mat.mes-hall
6126,math.CO
6127,math.DS
6128,physics.optics
6129,cs
6130,stat.ME
6131,cs
6132,math.DS
6133,math.DS
6134,math.CA
6135,q-bio.NC
6136,math.CA
6137,cs
6138,math.RT
6139,astro-ph.IM
6140,math.AP
6141,astro-ph.HE
6142,q-fin.PM
6143,q-bio.CB
6144,math.CO
6145,cs
6146,stat.ME
6147,physics.optics
6148,cs
6149,cs
6150,math.CA
6151,cs
6152,q-bio.MN
6153,cs
6154,q-bio.QM
6155,astro-ph.HE
6156,cond-mat.mes-hall
6157,cond-mat.stat-mech
6158,astro-ph.IM
6159,cs
6160,math.DG
6161,math.CO
6162,cs
6163,cs
6164,cs
6165,cs
6166,q-bio.NC
6167,math.AG
6168,physics.plasm-ph
6169,cs
6170,math.AG
6171,astro-ph.CO
6172,astro-ph.HE
6173,cs
6174,cs
6175,cs
6176,cs
6177,cs
6178,cond-mat.stat-mech
6179,cs
6180,math.NT
6181,math.AG
6182,cond-mat.mes-hall
6183,cs
6184,cs
6185,math.DS
6186,cs
6187,cs
6188,math.AG
6189,physics.ins-det
6190,cond-mat.str-el
6191,cs
6192,cs
6193,astro-ph.HE
6194,physics.flu-dyn
6195,cond-mat.mes-hall
6196,cond-mat.mtrl-sci
6197,cs
6198,cs
6199,q-fin.ST
6200,cs
6201,cs
6202,cs
6203,cs
6204,cs
6205,math.AG
6206,cs
6207,q-bio.BM
6208,cs
6209,math.AG
6210,cs
6211,physics.ins-det
6212,math.AP
6213,cs
6214,q-bio.QM
6215,cond-mat.mes-hall
6216,math.FA
6217,q-bio.QM
6218,cs
6219,math.FA
6220,physics.optics
6221,math.LO
6222,math.DG
6223,q-bio.NC
6224,cs
6225,cs
6226,cs
6227,cs
6228,q-bio.BM
6229,cs
6230,math.AP
6231,physics.atom-ph
6232,cs
6233,cs
6234,cs
6235,math.DS
6236,astro-ph.HE
6237,cs
6238,math.AG
6239,math.AG
6240,astro-ph.IM
6241,stat.ML
6242,cs
6243,cs
6244,cs
6245,q-fin.EC
6246,cs
6247,math.SG
6248,math.AG
6249,cs
6250,math.CV
6251,cs
6252,cs
6253,cs
6254,math.AT
6255,astro-ph.IM
6256,math.CO
6257,cs
6258,cs
6259,cs
6260,cond-mat.stat-mech
6261,math.CA
6262,cs
6263,math.AG
6264,physics.gen-ph
6265,q-fin.ST
6266,cs
6267,cs
6268,math.CO
6269,stat.ME
6270,cs
6271,math.AG
6272,cs
6273,q-fin.ST
6274,cs
6275,cs
6276,cs
6277,math.CO
6278,cs
6279,q-fin.ST
6280,math.AG
6281,cs
6282,cs
6283,cs
6284,physics.ins-det
6285,math.AG
6286,q-bio.NC
6287,cs
6288,physics.ins-det
6289,stat.ME
6290,math.AG
6291,math.GR
6292,q-bio.NC
6293,cs
6294,q-fin.MF
6295,math.CO
6296,math.AG
6297,cs
6298,cs
6299,cs
6300,math.CO
6301,cs
6302,math.AG
6303,stat.CO
6304,cs
6305,math.AP
6306,physics.ins-det
6307,math.NT
6308,math.DS
6309,physics.optics
6310,cs
6311,cs
6312,cs
6313,math.IT
6314,q-bio.NC
6315,cs
6316,cs
6317,physics.flu-dyn
6318,math.AT
6319,math.AG
6320,cs
6321,cs
6322,math.DG
6323,cs
6324,math.GT
6325,math.AP
6326,cond-mat.soft
6327,cs
6328,astro-ph.CO
6329,cond-mat.mes-hall
6330,q-bio.PE
6331,math.AG
6332,cs
6333,math.DG
6334,cs
6335,cs
6336,cs
6337,q-bio.TO
6338,cond-mat.supr-con
6339,math.AG
6340,astro-ph.IM
6341,cs
6342,math.DS
6343,math.AG
6344,math.DS
6345,cs
6346,math.CA
6347,physics.flu-dyn
6348,cond-mat.soft
6349,math.DG
6350,math.DG
6351,cond-mat.str-el
6352,cs
6353,cs
6354,cs
6355,math.NT
6356,cond-mat.str-el
6357,q-bio.NC
6358,stat.ME
6359,q-bio.PE
6360,math.CA
6361,math.AP
6362,cs
6363,math.DG
6364,cond-mat.stat-mech
6365,cs
6366,q-bio.QM
6367,cs
6368,cond-mat.mes-hall
6369,cs
6370,math.MP
6371,math.AT
6372,cs
6373,cs
6374,math.CO
6375,cs
6376,cs
6377,math.AC
6378,math.AP
6379,math.AT
6380,q-bio.QM
6381,math.AG
6382,stat.TH
6383,cs
6384,cs
6385,math.CO
6386,physics.flu-dyn
6387,cs
6388,cs
6389,cond-mat.mes-hall
6390,q-fin.GN
6391,q-fin.MF
6392,q-bio.PE
6393,q-bio.PE
6394,cond-mat.mes-hall
6395,math.DS
6396,cs
6397,math.AG
6398,cs
6399,math.AG
6400,physics.flu-dyn
6401,cs
6402,cs
6403,math.CA
6404,math.CO
6405,math.CO
6406,math.AG
6407,q-fin.EC
6408,q-bio.GN
6409,cs
6410,cond-mat.supr-con
6411,astro-ph.HE
6412,cs
6413,astro-ph.IM
6414,cs
6415,astro-ph.IM
6416,cs
6417,cs
6418,cs
6419,math.AP
6420,math.AG
6421,cs
6422,cond-mat.stat-mech
6423,math.DG
6424,astro-ph.HE
6425,physics.ins-det
6426,math.AT
6427,math.AP
6428,astro-ph.IM
6429,cs
6430,q-bio.PE
6431,math.AP
6432,cs
6433,astro-ph.HE
6434,cond-mat.mes-hall
6435,cond-mat.stat-mech
6436,q-bio.NC
6437,q-bio.MN
6438,cond-mat.stat-mech
6439,astro-ph.HE
6440,math.CT
6441,cs
6442,q-fin.ST
6443,math.DG
6444,math.AP
6445,physics.optics
6446,cs
6447,cs
6448,math.DS
6449,math.AG
6450,q-bio.PE
6451,cs
6452,physics.optics
6453,cs
6454,q-bio.NC
6455,cs
6456,cs
6457,math.CO
6458,cs
6459,q-bio.CB
6460,cs
6461,q-bio.PE
6462,q-bio.PE
6463,cond-mat.mes-hall
6464,astro-ph.IM
6465,math.FA
6466,cs
6467,cond-mat.str-el
6468,cs
6469,cs
6470,math.GT
6471,math.CO
6472,cond-mat.stat-mech
6473,physics.chem-ph
6474,math.GT
6475,cs
6476,math.AT
6477,cs
6478,cs
6479,cs
6480,math.DS
6481,cs
6482,cond-mat.stat-mech
6483,math.CA
6484,math.AP
6485,math.CO
6486,cond-mat.mes-hall
6487,cs
6488,cs
6489,q-fin.MF
6490,cs
6491,cs
6492,cs
6493,cs
6494,q-bio.PE
6495,cs
6496,astro-ph.HE
6497,cs
6498,math.RT
6499,stat.ME
6500,q-bio.PE
6501,cond-mat.str-el
6502,math.AG
6503,astro-ph.HE
6504,cond-mat.quant-gas
6505,q-fin.EC
6506,q-bio.PE
6507,q-bio.PE
6508,cs
6509,q-fin.PR
6510,astro-ph.SR
6511,cs
6512,math.AG
6513,cs
6514,cs
6515,math.AG
6516,cs
6517,math.CO
6518,math.AG
6519,cs
6520,physics.gen-ph
6521,cs
6522,math.AG
6523,cs
6524,math.AG
6525,cs
6526,cs
6527,cs
6528,math.CA
6529,math.AP
6530,math.CO
6531,q-bio.QM
6532,physics.plasm-ph
6533,math.CA
6534,cs
6535,cs
6536,cs
6537,cs
6538,cs
6539,math.DG
6540,cs
6541,cs
6542,math.NT
6543,cs
6544,cs
6545,math.AG
6546,physics.ins-det
6547,math.AG
6548,cs
6549,q-fin.ST
6550,cond-mat.supr-con
6551,cs
6552,cs
6553,cs
6554,math.AC
6555,cs
6556,math.CT
6557,cs
6558,cs
6559,cs
6560,math.AP
6561,cond-mat.quant-gas
6562,cs
6563,cs
6564,physics.gen-ph
6565,cs
6566,astro-ph.HE
6567,cs
6568,q-bio.GN
6569,cs
6570,q-bio.NC
6571,cs
6572,math.DS
6573,q-bio.NC
6574,cs
6575,q-fin.TR
6576,cond-mat.soft
6577,cs
6578,q-bio.QM
6579,astro-ph.HE
6580,q-bio.PE
6581,cs
6582,math.AG
6583,math.AG
6584,cs
6585,q-bio.MN
6586,cs
6587,cs
6588,cs
6589,cs
6590,astro-ph.HE
6591,q-bio.PE
6592,q-fin.TR
6593,math.MP
6594,cs
6595,cs
6596,astro-ph.HE
6597,cond-mat.mes-hall
6598,q-fin.PR
6599,math.CT
6600,cs
6601,cond-mat.str-el
6602,cs
6603,cs
6604,cs
6605,cs
6606,math.AG
6607,astro-ph.HE
6608,astro-ph.HE
6609,math.NT
6610,cs
6611,q-bio.MN
6612,q-bio.NC
6613,cs
6614,cs
6615,astro-ph.IM
6616,math.CA
6617,q-bio.PE
6618,stat.ML
6619,math.AP
6620,astro-ph.HE
6621,astro-ph.SR
6622,math.CO
6623,cs
6624,cs
6625,q-fin.ST
6626,stat.ML
6627,cond-mat.mes-hall
6628,cs
6629,physics.gen-ph
6630,cs
6631,cs
6632,cs
6633,q-fin.MF
6634,physics.flu-dyn
6635,cs
6636,math.CT
6637,astro-ph.HE
6638,cs
6639,astro-ph.IM
6640,math.CO
6641,q-bio.NC
6642,cs
6643,cs
6644,physics.optics
6645,astro-ph.IM
6646,math.AG
6647,cs
6648,stat.ML
6649,q-fin.MF
6650,math.DS
6651,cs
6652,math.FA
6653,cs
6654,cs
6655,cs
6656,math.CO
6657,cs
6658,math.CO
6659,q-fin.MF
6660,cs
6661,math.AG
6662,math.DG
6663,astro-ph.SR
6664,cs
6665,cs
6666,cs
6667,cs
6668,math.AG
6669,cs
6670,astro-ph.HE
6671,astro-ph.HE
6672,math.DG
6673,cs
6674,astro-ph.HE
6675,astro-ph.HE
6676,q-bio.PE
6677,cond-mat.mes-hall
6678,cs
6679,physics.gen-ph
6680,astro-ph.HE
6681,math.CA
6682,cs
6683,math.DS
6684,math.NT
6685,astro-ph.GA
6686,cond-mat.str-el
6687,cs
6688,cs
6689,stat.TH
6690,cs
6691,cs
6692,cs
6693,cs
6694,cs
6695,math.CO
6696,cs
6697,astro-ph.HE
6698,cs
6699,math.AG
6700,math.AP
6701,stat.CO
6702,math.DG
6703,cs
6704,cs
6705,cs
6706,astro-ph.HE
6707,cs
6708,cs
6709,cs
6710,cs
6711,cs
6712,cs
6713,q-fin.CP
6714,cs
6715,q-bio.PE
6716,math.AT
6717,physics.atom-ph
6718,astro-ph.HE
6719,q-bio.PE
6720,cs
6721,cs
6722,stat.ML
6723,cs
6724,astro-ph.HE
6725,cs
6726,cs
6727,cs
6728,q-bio.PE
6729,cs
6730,cs
6731,astro-ph.HE
6732,cs
6733,cs
6734,math.CO
6735,cs
6736,q-bio.NC
6737,stat.ME
6738,math.FA
6739,q-bio.QM
6740,q-fin.MF
6741,cs
6742,cs
6743,physics.plasm-ph
6744,math.AP
6745,cond-mat.mes-hall
6746,cond-mat.mes-hall
6747,cs
6748,cs
6749,cond-mat.soft
6750,cs
6751,math.DG
6752,math.AT
6753,cs
6754,math.AG
6755,cs
6756,cond-mat.mes-hall
6757,math.DG
6758,math.CO
6759,math.GR
6760,cs
6761,math.CO
6762,cs
6763,cond-mat.mes-hall
6764,cs
6765,cs
6766,math.GT
6767,astro-ph.CO
6768,math.CO
6769,physics.ins-det
6770,cond-mat.supr-con
6771,cs
6772,q-bio.NC
6773,q-bio.PE
6774,cs
6775,cs
6776,q-bio.QM
6777,cond-mat.soft
6778,cs
6779,cs
6780,math.RT
6781,cs
6782,cs
6783,cs
6784,math.AG
6785,cs
6786,q-bio.NC
6787,q-bio.PE
6788,q-bio.MN
6789,astro-ph.HE
6790,cond-mat.mtrl-sci
6791,astro-ph.HE
6792,cs
6793,cond-mat.str-el
6794,cs
6795,cs
6796,math.AG
6797,cs
6798,math.AG
6799,math.CA
6800,math.NT
6801,cs
6802,stat.ML
6803,cs
6804,astro-ph.HE
6805,cs
6806,math.AG
6807,math.AG
6808,q-bio.TO
6809,cs
6810,physics.flu-dyn
6811,math.AG
6812,cs
6813,cs
6814,cs
6815,astro-ph.HE
6816,cs
6817,q-fin.MF
6818,q-bio.PE
6819,q-bio.MN
6820,cs
6821,q-fin.RM
6822,q-bio.QM
6823,cs
6824,cs
6825,physics.ins-det
6826,cs
6827,math.LO
6828,math.FA
6829,math.DG
6830,cs
6831,q-fin.TR
6832,cs
6833,cs
6834,math.DS
6835,cs
6836,math.AT
6837,cond-mat.mtrl-sci
6838,cs
6839,physics.flu-dyn
6840,physics.optics
6841,cs
6842,cs
6843,cs
6844,cond-mat.soft
6845,cs
6846,astro-ph.HE
6847,cs
6848,cs
6849,cond-mat.mes-hall
6850,cs
6851,math.AC
6852,q-bio.BM
6853,astro-ph.HE
6854,q-bio.PE
6855,math.DG
6856,math.AC
6857,math.AG
6858,math.DS
6859,cs
6860,astro-ph.HE
6861,cs
6862,cs
6863,astro-ph.HE
6864,math.AT
6865,math.CO
6866,cs
6867,cond-mat.mtrl-sci
6868,astro-ph.CO
6869,cs
6870,math.AP
6871,cond-mat.mes-hall
6872,cs
6873,physics.ins-det
6874,cs
6875,astro-ph.HE
6876,cs
6877,math.DS
6878,cs
6879,cs
6880,stat.ML
6881,cs
6882,cs
6883,cs
6884,math.CA
6885,q-bio.PE
6886,astro-ph.IM
6887,math.AP
6888,math.AG
6889,cond-mat.mes-hall
6890,math.AG
6891,math.GT
6892,math.CO
6893,math.CO
6894,physics.optics
6895,math.AG
6896,math.DS
6897,cond-mat.supr-con
6898,math.AP
6899,cs
6900,cs
6901,cs
6902,math.AG
6903,cs
6904,cs
6905,physics.ins-det
6906,q-bio.QM
6907,physics.ins-det
6908,math.AG
6909,cs
6910,cs
6911,cs
6912,physics.optics
6913,math.AG
6914,q-bio.NC
6915,cs
6916,cs
6917,cs
6918,cs
6919,math.AG
6920,cs
6921,physics.flu-dyn
6922,q-fin.ST
6923,physics.ins-det
6924,physics.ins-det
6925,cs
6926,cs
6927,astro-ph.CO
6928,math.DS
6929,math.CO
6930,cs
6931,cond-mat.stat-mech
6932,q-bio.PE
6933,cs
6934,cond-mat.supr-con
6935,physics.optics
6936,astro-ph.IM
6937,cs
6938,cs
6939,math.CV
6940,cs
6941,cs
6942,math.DG
6943,physics.flu-dyn
6944,math.DG
6945,cs
6946,astro-ph.HE
6947,cs
6948,cond-mat.stat-mech
6949,cs
6950,cs
6951,q-fin.RM
6952,cs
6953,math.AG
6954,cs
6955,math.AG
6956,cond-mat.mes-hall
6957,math.AG
6958,physics.ins-det
6959,cs
6960,cs
6961,cs
6962,math.AG
6963,physics.flu-dyn
6964,cs
6965,physics.ed-ph
6966,math.CT
6967,q-bio.QM
6968,cs
6969,cs
6970,math.GR
6971,cs
6972,cs
6973,physics.optics
6974,q-fin.ST
6975,cs
6976,math.CO
6977,cs
6978,q-bio.PE
6979,cs
6980,math.NT
6981,math.DG
6982,cs
6983,math.CO
6984,q-fin.ST
6985,cs
6986,cs
6987,math.CO
6988,math.AG
6989,cs
6990,math.AC
6991,cond-mat.mes-hall
6992,q-fin.ST
6993,cs
6994,math.AG
6995,math.AP
6996,physics.gen-ph
6997,cs
6998,q-bio.QM
6999,cs
7000,math.CO
7001,math.AP
7002,cs
7003,math.DG
7004,math.NT
7005,math.NT
7006,cs
7007,cs
7008,math.AP
7009,cs
7010,cs
7011,cs
7012,physics.flu-dyn
7013,cs
7014,math.CO
7015,q-bio.QM
7016,astro-ph.HE
7017,astro-ph.HE
7018,cs
7019,cs
7020,math.NT
7021,cs
7022,cond-mat.str-el
7023,math.DG
7024,q-bio.NC
7025,math.CO
7026,cs
7027,q-bio.QM
7028,cs
7029,cs
7030,cs
7031,cs
7032,math.AC
7033,cs
7034,math.DS
7035,cs
7036,math.CA
7037,cs
7038,cs
7039,math.CT
7040,math.AG
7041,math.AP
7042,astro-ph.SR
7043,cond-mat.mtrl-sci
7044,math.AG
7045,stat.CO
7046,math.DS
7047,stat.ME
7048,cs
7049,cs
7050,cond-mat.soft
7051,physics.optics
7052,math.CT
7053,physics.gen-ph
7054,astro-ph.HE
7055,cs
7056,math.GT
7057,cs
7058,astro-ph.CO
7059,cs
7060,cs
7061,cs
7062,math.AP
7063,math.CO
7064,cs
7065,math.AP
7066,q-fin.EC
7067,cond-mat.mes-hall
7068,math.GT
7069,math.AP
7070,cs
7071,cond-mat.mes-hall
7072,cs
7073,math.AP
7074,cs
7075,physics.optics
7076,cond-mat.stat-mech
7077,math.AG
7078,math.FA
7079,math.AG
7080,cs
7081,cs
7082,cs
7083,cond-mat.supr-con
7084,math.AC
7085,cs
7086,q-fin.EC
7087,cs
7088,astro-ph.HE
7089,cs
7090,cs
7091,q-bio.PE
7092,q-bio.QM
7093,q-fin.ST
7094,math.DS
7095,math.AP
7096,math.CO
7097,cs
7098,math.NT
7099,q-bio.TO
7100,astro-ph.HE
7101,math.CO
7102,cs
7103,math.CO
7104,cs
7105,q-bio.QM
7106,cond-mat.dis-nn
7107,cs
7108,cs
7109,cond-mat.str-el
7110,cs
7111,q-fin.EC
7112,math.NT
7113,math.AT
7114,cs
7115,math.LO
7116,stat.ME
7117,cs
7118,stat.TH
7119,cond-mat.stat-mech
7120,cs
7121,cs
7122,math.NT
7123,cs
7124,math.CO
7125,math.AT
7126,math.AG
7127,cs
7128,math.CV
7129,stat.ML
7130,physics.ins-det
7131,physics.gen-ph
7132,cs
7133,astro-ph.HE
7134,cond-mat.str-el
7135,nlin.CD
7136,math.DS
7137,cs
7138,cond-mat.mes-hall
7139,math.AP
7140,cs
7141,cs
7142,math.DS
7143,cond-mat.quant-gas
7144,math.DS
7145,q-fin.RM
7146,physics.flu-dyn
7147,cs
7148,cs
7149,math.FA
7150,math.GR
7151,cs
7152,physics.med-ph
7153,cs
7154,cond-mat.mes-hall
7155,astro-ph.HE
7156,math.CO
7157,q-fin.EC
7158,cs
7159,physics.ins-det
7160,math.AP
7161,math.AG
7162,cs
7163,cs
7164,cs
7165,math.AG
7166,cond-mat.soft
7167,cs
7168,cs
7169,physics.ins-det
7170,cs
7171,math.DS
7172,cs
7173,stat.ML
7174,astro-ph.HE
7175,cs
7176,cs
7177,astro-ph.HE
7178,cs
7179,physics.ins-det
7180,cs
7181,cs
7182,cs
7183,q-bio.QM
7184,math.LO
7185,math.GR
7186,cs
7187,math.AG
7188,physics.gen-ph
7189,cs
7190,physics.optics
7191,math.AG
7192,math.DS
7193,math.DG
7194,math.AG
7195,astro-ph.IM
7196,cs
7197,cs
7198,math.AT
7199,cs
7200,cs
7201,astro-ph.HE
7202,math.CO
7203,math.AG
7204,astro-ph.HE
7205,cs
7206,cond-mat.mtrl-sci
7207,math.CO
7208,cs
7209,q-fin.ST
7210,q-fin.MF
7211,cs
7212,cond-mat.mes-hall
7213,math.CA
7214,math.MP
7215,astro-ph.IM
7216,q-bio.NC
7217,cs
7218,q-fin.MF
7219,cs
7220,cs
7221,math.CO
7222,q-bio.NC
7223,cs
7224,cs
7225,math.RT
7226,cs
7227,astro-ph.IM
7228,cs
7229,physics.optics
7230,cs
7231,cs
7232,math.NT
7233,cs
7234,astro-ph.IM
7235,astro-ph.HE
7236,astro-ph.IM
7237,q-bio.PE
7238,cs
7239,q-bio.QM
7240,math.CO
7241,math.AC
7242,cs
7243,math.AG
7244,math.CO
7245,math.LO
7246,q-bio.CB
7247,cs
7248,math.DS
7249,physics.chem-ph
7250,cs
7251,astro-ph.HE
7252,cs
7253,astro-ph.HE
7254,q-bio.NC
7255,q-bio.PE
7256,q-fin.EC
7257,cond-mat.stat-mech
7258,math.AP
7259,math.MP
7260,cs
7261,cs
7262,cond-mat.str-el
7263,cs
7264,cs
7265,cs
7266,cs
7267,math.LO
7268,physics.optics
7269,math.CO
7270,cs
7271,math.CO
7272,q-bio.NC
7273,astro-ph.EP
7274,astro-ph.HE
7275,cs
7276,cs
7277,astro-ph.GA
7278,cs
7279,math.RT
7280,cs
7281,cond-mat.mtrl-sci
7282,math.NT
7283,cs
7284,physics.gen-ph
7285,astro-ph.HE
7286,cond-mat.stat-mech
7287,cs
7288,cs
7289,math.DS
7290,cs
7291,cs
7292,astro-ph.HE
7293,cs
7294,q-bio.NC
7295,cs
7296,astro-ph.HE
7297,cs
7298,q-fin.EC
7299,math.DS
7300,math.CO
7301,math.NT
7302,cs
7303,cs
7304,cs
7305,math.DS
7306,math.LO
7307,cs
7308,math.DG
7309,math.CT
7310,cs
7311,q-bio.PE
7312,q-bio.BM
7313,q-bio.QM
7314,math.CO
7315,cs
7316,q-fin.PR
7317,cond-mat.supr-con
7318,cs
7319,astro-ph.HE
7320,q-fin.RM
7321,cs
7322,math.DS
7323,cs
7324,math.LO
7325,math.GR
7326,math.CO
7327,cs
7328,math.AP
7329,math.CO
7330,cs
7331,cs
7332,cs
7333,cs
7334,math.DG
7335,cs
7336,astro-ph.HE
7337,math.AG
7338,q-bio.NC
7339,math.AP
7340,math.DG
7341,physics.optics
7342,physics.gen-ph
7343,cs
7344,q-bio.CB
7345,cs
7346,cond-mat.mtrl-sci
7347,math.CO
7348,physics.chem-ph
7349,math.AG
7350,math.DG
7351,cond-mat.mes-hall
7352,cs
7353,cs
7354,stat.ME
7355,cs
7356,cs
7357,cs
7358,q-bio.PE
7359,math.AT
7360,math.CO
7361,cond-mat.mes-hall
7362,cs
7363,cs
7364,cs
7365,q-fin.ST
7366,cond-mat.dis-nn
7367,math.CA
7368,cond-mat.mes-hall
7369,cs
7370,stat.TH
7371,astro-ph.IM
7372,math.DS
7373,cs
7374,math.NT
7375,math.AG
7376,cs
7377,cs
7378,cs
7379,cond-mat.str-el
7380,cs
7381,cond-mat.mes-hall
7382,math.CA
7383,physics.flu-dyn
7384,cs
7385,cs
7386,q-bio.PE
7387,cs
7388,cs
7389,q-fin.ST
7390,math.CO
7391,q-bio.PE
7392,math.CO
7393,math.MP
7394,cs
7395,cs
7396,math.CO
7397,q-bio.CB
7398,cs
7399,math.CO
7400,cs
7401,math.AT
7402,physics.ins-det
7403,physics.atom-ph
7404,math.FA
7405,math.AP
7406,cs
7407,cs
7408,q-bio.QM
7409,cs
7410,physics.ins-det
